universe,arm,model,cost_bps,n_cells,Sharpe_net_mean,Sharpe_net_median,Sharpe_net_ci_lo,Sharpe_net_ci_hi,Sharpe_net_drop_q2_2025,mean_turnover_L1,max_abs_Sharpe_gross_cell
B,L0,LightGBM,0,120,0.9008,0.8286,0.4626,1.3317,0.7675,2.007,8.42
B,L0,LightGBM,5,120,0.7446,0.7245,0.3109,1.1729,0.6192,2.007,8.42
B,L0,LightGBM,10,120,0.5892,0.5825,0.1568,1.0132,0.4723,2.007,8.42
B,L0,LightGBM,15,120,0.4345,0.3263,0.003,0.8581,0.3267,2.007,8.42
B,L0,LightGBM,20,120,0.2807,0.0801,-0.1525,0.7036,0.1825,2.007,8.42
B,L0,LightGBM,30,120,-0.0244,-0.3846,-0.455,0.3943,-0.1018,2.007,8.42
B,L1,MLP,0,120,1.33,0.7674,0.8749,1.8053,1.0703,2.612,12.03
B,L1,MLP,5,120,1.1757,0.5695,0.7179,1.6449,0.9215,2.612,12.03
B,L1,MLP,10,120,1.0213,0.4132,0.5641,1.4903,0.7726,2.612,12.03
B,L1,MLP,15,120,0.8666,0.3138,0.4056,1.3312,0.6235,2.612,12.03
B,L1,MLP,20,120,0.7118,0.1583,0.251,1.179,0.4744,2.612,12.03
B,L1,MLP,30,120,0.4015,-0.2108,-0.0684,0.8743,0.1756,2.612,12.03
B,L2,GAT,0,120,1.2079,0.7968,0.694,1.713,1.0209,2.75,11.33
B,L2,GAT,5,120,1.0442,0.6418,0.5323,1.5447,0.8671,2.75,11.33
B,L2,GAT,10,120,0.8802,0.4962,0.3711,1.3755,0.7135,2.75,11.33
B,L2,GAT,15,120,0.716,0.2974,0.2163,1.201,0.5602,2.75,11.33
B,L2,GAT,20,120,0.5514,0.2083,0.0497,1.0359,0.4071,2.75,11.33
B,L2,GAT,30,120,0.2211,0.0122,-0.2769,0.7012,0.1014,2.75,11.33
B,L2s,SAGE-Mean,0,120,1.3063,0.9444,0.8691,1.774,1.3017,2.454,11.43
B,L2s,SAGE-Mean,5,120,1.139,0.8319,0.7019,1.6022,1.1372,2.454,11.43
B,L2s,SAGE-Mean,10,120,0.9719,0.7174,0.533,1.4299,0.9733,2.454,11.43
B,L2s,SAGE-Mean,15,120,0.8051,0.5835,0.3593,1.2588,0.8101,2.454,11.43
B,L2s,SAGE-Mean,20,120,0.6385,0.3749,0.187,1.0949,0.6476,2.454,11.43
B,L2s,SAGE-Mean,30,120,0.3061,0.0338,-0.1529,0.7673,0.3248,2.454,11.43
B,L3,GAT,0,120,1.0052,0.9022,0.4345,1.6285,0.9846,3.03,19.99
B,L3,GAT,5,120,0.77,0.7497,0.1964,1.3904,0.7518,3.03,19.99
B,L3,GAT,10,120,0.5345,0.5554,-0.0449,1.1569,0.5188,3.03,19.99
B,L3,GAT,15,120,0.2987,0.2593,-0.2889,0.9256,0.2855,3.03,19.99
B,L3,GAT,20,120,0.0625,0.0706,-0.5383,0.6948,0.052,3.03,19.99
B,L3,GAT,30,120,-0.411,-0.2843,-1.0423,0.236,-0.416,3.03,19.99
B,L4,GAT,0,120,1.1816,1.0589,0.661,1.7291,1.2752,2.954,10.93
B,L4,GAT,5,120,0.9802,0.9294,0.4644,1.5211,1.0761,2.954,10.93
B,L4,GAT,10,120,0.7797,0.8055,0.2663,1.3141,0.8777,2.954,10.93
B,L4,GAT,15,120,0.5798,0.5991,0.0712,1.1101,0.68,2.954,10.93
B,L4,GAT,20,120,0.3806,0.4572,-0.1293,0.9094,0.4829,2.954,10.93
B,L4,GAT,30,120,-0.0159,0.0756,-0.5385,0.5048,0.0905,2.954,10.93
B,L5,GAT,0,120,1.236,0.8598,0.6883,1.8532,1.3013,2.994,18.46
B,L5,GAT,5,120,1.0366,0.7335,0.4989,1.6315,1.1063,2.994,18.46
B,L5,GAT,10,120,0.8369,0.5715,0.3105,1.4103,0.9111,2.994,18.46
B,L5,GAT,15,120,0.6372,0.3582,0.1153,1.192,0.7159,2.994,18.46
B,L5,GAT,20,120,0.4372,0.2182,-0.0776,0.98,0.5205,2.994,18.46
B,L5,GAT,30,120,0.0368,-0.07,-0.4639,0.5611,0.1294,2.994,18.46
B,L5s,SAGE-Mean,0,120,1.1888,1.0645,0.6508,1.7206,1.128,2.396,12.04
B,L5s,SAGE-Mean,5,120,1.0349,0.8959,0.4829,1.5668,0.973,2.396,12.04
B,L5s,SAGE-Mean,10,120,0.8816,0.7953,0.3157,1.4204,0.8187,2.396,12.04
B,L5s,SAGE-Mean,15,120,0.7286,0.6979,0.1468,1.2739,0.6649,2.396,12.04
B,L5s,SAGE-Mean,20,120,0.5756,0.618,-0.0333,1.1309,0.5113,2.396,12.04
B,L5s,SAGE-Mean,30,120,0.269,0.3913,-0.4072,0.8577,0.2038,2.396,12.04
B,L6,GAT,0,120,1.251,0.9607,0.799,1.7023,1.055,2.602,9.7
B,L6,GAT,5,120,1.1048,0.846,0.6597,1.5451,0.9066,2.602,9.7
B,L6,GAT,10,120,0.9624,0.7423,0.5226,1.3934,0.7625,2.602,9.7
B,L6,GAT,15,120,0.823,0.6093,0.3802,1.2564,0.6219,2.602,9.7
B,L6,GAT,20,120,0.686,0.5094,0.2392,1.1204,0.4839,2.602,9.7
B,L6,GAT,30,120,0.4178,0.3042,-0.0391,0.8565,0.2144,2.602,9.7
B,L7,HATS-3R-adapt,0,120,0.7927,0.9626,0.3112,1.2494,1.0566,2.408,11.73
B,L7,HATS-3R-adapt,5,120,0.6625,0.8705,0.1845,1.1143,0.9276,2.408,11.73
B,L7,HATS-3R-adapt,10,120,0.5338,0.7835,0.0595,0.9849,0.8002,2.408,11.73
B,L7,HATS-3R-adapt,15,120,0.4066,0.5875,-0.0665,0.8529,0.6745,2.408,11.73
B,L7,HATS-3R-adapt,20,120,0.2806,0.4422,-0.1913,0.722,0.5502,2.408,11.73
B,L7,HATS-3R-adapt,30,120,0.0321,0.1005,-0.4447,0.4769,0.3055,2.408,11.73
C,L0,LightGBM,0,120,0.1596,-0.0145,-0.4125,0.7253,-0.1554,2.253,10.59
C,L0,LightGBM,5,120,-0.0311,-0.1486,-0.6185,0.5454,-0.3474,2.253,10.59
C,L0,LightGBM,10,120,-0.2191,-0.3333,-0.8161,0.3644,-0.536,2.253,10.59
C,L0,LightGBM,15,120,-0.4043,-0.5505,-1.0177,0.1902,-0.7213,2.253,10.59
C,L0,LightGBM,20,120,-0.5866,-0.7646,-1.2115,0.019,-0.9032,2.253,10.59
C,L0,LightGBM,30,120,-0.9427,-1.1273,-1.5941,-0.3199,-1.2569,2.253,10.59
C,L1,MLP,0,120,1.4043,0.4519,0.6249,2.2396,0.7405,2.895,31.69
C,L1,MLP,5,120,1.1782,0.3611,0.4021,2.0073,0.5178,2.895,31.69
C,L1,MLP,10,120,0.9542,0.1818,0.1751,1.7738,0.2973,2.895,31.69
C,L1,MLP,15,120,0.7324,0.0248,-0.0565,1.5553,0.079,2.895,31.69
C,L1,MLP,20,120,0.5126,-0.1081,-0.2798,1.3277,-0.1372,2.895,31.69
C,L1,MLP,30,120,0.079,-0.4579,-0.7255,0.885,-0.5636,2.895,31.69
C,L2,GAT,0,120,0.7192,0.1262,-0.0159,1.4005,0.2556,2.913,18.92
C,L2,GAT,5,120,0.4778,0.0389,-0.3041,1.1921,0.0099,2.913,18.92
C,L2,GAT,10,120,0.2334,-0.0403,-0.5902,0.9722,-0.2391,2.913,18.92
C,L2,GAT,15,120,-0.0142,-0.1159,-0.901,0.7617,-0.4915,2.913,18.92
C,L2,GAT,20,120,-0.2649,-0.2322,-1.2204,0.559,-0.7473,2.913,18.92
C,L2,GAT,30,120,-0.7757,-0.5978,-1.8821,0.1482,-1.2693,2.913,18.92
C,L2s,SAGE-Mean,0,120,0.7745,0.3602,-0.197,1.4817,0.345,2.917,38.8
C,L2s,SAGE-Mean,5,120,0.536,0.2323,-0.5402,1.2873,0.0977,2.917,38.8
C,L2s,SAGE-Mean,10,120,0.2987,0.12,-0.8733,1.1016,-0.148,2.917,38.8
C,L2s,SAGE-Mean,15,120,0.064,-0.0352,-1.2187,0.9137,-0.3909,2.917,38.8
C,L2s,SAGE-Mean,20,120,-0.1666,-0.176,-1.5369,0.7303,-0.6292,2.917,38.8
C,L2s,SAGE-Mean,30,120,-0.6092,-0.3879,-2.1326,0.3678,-1.0853,2.917,38.8
C,L3,GAT,0,120,0.866,0.531,0.2583,1.5381,0.3522,3.19,20.55
C,L3,GAT,5,120,0.5892,0.2798,-0.0234,1.2635,0.0895,3.19,20.55
C,L3,GAT,10,120,0.3155,-0.0106,-0.2977,0.9876,-0.1691,3.19,20.55
C,L3,GAT,15,120,0.0437,-0.36,-0.5759,0.7151,-0.4245,3.19,20.55
C,L3,GAT,20,120,-0.2267,-0.5282,-0.8579,0.444,-0.6776,3.19,20.55
C,L3,GAT,30,120,-0.7658,-0.8545,-1.4251,-0.0747,-1.1784,3.19,20.55
C,L4,GAT,0,120,1.3967,0.4589,0.6782,2.2611,0.4811,2.703,27.82
C,L4,GAT,5,120,1.2201,0.2853,0.5044,2.0765,0.3135,2.703,27.82
C,L4,GAT,10,120,1.0423,0.1302,0.3193,1.8975,0.1444,2.703,27.82
C,L4,GAT,15,120,0.8634,-0.0452,0.1388,1.716,-0.0264,2.703,27.82
C,L4,GAT,20,120,0.683,-0.1835,-0.0508,1.5376,-0.1991,2.703,27.82
C,L4,GAT,30,120,0.3171,-0.4222,-0.4522,1.1742,-0.5508,2.703,27.82
C,L5,GAT,0,120,1.6138,0.9484,0.9647,2.3006,0.8754,3.016,19.0
C,L5,GAT,5,120,1.404,0.8227,0.7575,2.0818,0.6702,3.016,19.0
C,L5,GAT,10,120,1.194,0.6534,0.5487,1.8633,0.465,3.016,19.0
C,L5,GAT,15,120,0.9841,0.5004,0.3388,1.6459,0.2598,3.016,19.0
C,L5,GAT,20,120,0.774,0.3515,0.13,1.4354,0.0546,3.016,19.0
C,L5,GAT,30,120,0.3535,0.0541,-0.303,1.01,-0.3558,3.016,19.0
C,L5s,SAGE-Mean,0,87,-0.0342,-0.0178,-0.8301,0.7223,-0.0625,2.783,15.59
C,L5s,SAGE-Mean,5,87,-0.2398,-0.0972,-1.0399,0.5153,-0.2652,2.783,15.59
C,L5s,SAGE-Mean,10,87,-0.446,-0.2852,-1.251,0.3096,-0.4686,2.783,15.59
C,L5s,SAGE-Mean,15,87,-0.653,-0.3742,-1.468,0.1083,-0.6728,2.783,15.59
C,L5s,SAGE-Mean,20,87,-0.8608,-0.553,-1.6874,-0.0936,-0.8781,2.783,15.59
C,L5s,SAGE-Mean,30,87,-1.2801,-0.8974,-2.1394,-0.5019,-1.2926,2.783,15.59
C,L6,GAT,0,120,1.1379,1.1447,0.229,1.9718,0.5873,2.85,23.91
C,L6,GAT,5,120,0.9341,0.9367,0.0156,1.7771,0.3797,2.85,23.91
C,L6,GAT,10,120,0.7318,0.7063,-0.2027,1.5747,0.1737,2.85,23.91
C,L6,GAT,15,120,0.5302,0.5506,-0.4185,1.3792,-0.0315,2.85,23.91
C,L6,GAT,20,120,0.3286,0.4433,-0.6284,1.1753,-0.2367,2.85,23.91
C,L6,GAT,30,120,-0.0763,0.2005,-1.0336,0.7713,-0.6487,2.85,23.91
C,L7,HATS-3R-adapt,0,120,0.8825,0.4537,-0.4205,1.9462,0.1513,2.829,45.88
C,L7,HATS-3R-adapt,5,120,0.6346,0.3186,-0.7202,1.7324,-0.1014,2.829,45.88
C,L7,HATS-3R-adapt,10,120,0.378,0.1578,-1.0792,1.504,-0.3634,2.829,45.88
C,L7,HATS-3R-adapt,15,120,0.1099,0.0005,-1.4248,1.2832,-0.6376,2.829,45.88
C,L7,HATS-3R-adapt,20,120,-0.1734,-0.1298,-1.828,1.0741,-0.9281,2.829,45.88
C,L7,HATS-3R-adapt,30,120,-0.8071,-0.3406,-2.8559,0.65,-1.5813,2.829,45.88
