universe,pair,arm_A,arm_B,cost_bps,fold,test_period,dSharpe
B,L1-L0,L1,L0,0,0,2023Q1,0.1494
B,L1-L0,L1,L0,0,1,2023Q2,1.2259
B,L1-L0,L1,L0,0,2,2023Q3,1.0789
B,L1-L0,L1,L0,0,3,2023Q4,-1.8144
B,L1-L0,L1,L0,0,4,2024Q1,-0.1526
B,L1-L0,L1,L0,0,5,2024Q2,-0.7132
B,L1-L0,L1,L0,0,6,2024Q3,0.1745
B,L1-L0,L1,L0,0,7,2024Q4,-0.1878
B,L1-L0,L1,L0,0,8,2025Q1,0.6207
B,L1-L0,L1,L0,0,9,2025Q2,1.8202
B,L1-L0,L1,L0,0,10,2025Q3,1.1335
B,L1-L0,L1,L0,0,11,2025Q4,1.8157
B,L1-L0,L1,L0,10,0,2023Q1,0.1883
B,L1-L0,L1,L0,10,1,2023Q2,1.149
B,L1-L0,L1,L0,10,2,2023Q3,0.7497
B,L1-L0,L1,L0,10,3,2023Q4,-1.8028
B,L1-L0,L1,L0,10,4,2024Q1,-0.1626
B,L1-L0,L1,L0,10,5,2024Q2,-0.8219
B,L1-L0,L1,L0,10,6,2024Q3,0.2932
B,L1-L0,L1,L0,10,7,2024Q4,0.1725
B,L1-L0,L1,L0,10,8,2025Q1,0.6169
B,L1-L0,L1,L0,10,9,2025Q2,1.8827
B,L1-L0,L1,L0,10,10,2025Q3,1.0744
B,L1-L0,L1,L0,10,11,2025Q4,1.846
B,L1-L0,L1,L0,30,0,2023Q1,0.254
B,L1-L0,L1,L0,30,1,2023Q2,0.9942
B,L1-L0,L1,L0,30,2,2023Q3,0.0109
B,L1-L0,L1,L0,30,3,2023Q4,-1.8223
B,L1-L0,L1,L0,30,4,2024Q1,-0.1872
B,L1-L0,L1,L0,30,5,2024Q2,-1.03
B,L1-L0,L1,L0,30,6,2024Q3,0.5122
B,L1-L0,L1,L0,30,7,2024Q4,0.8157
B,L1-L0,L1,L0,30,8,2025Q1,0.6138
B,L1-L0,L1,L0,30,9,2025Q2,2.0602
B,L1-L0,L1,L0,30,10,2025Q3,0.9587
B,L1-L0,L1,L0,30,11,2025Q4,1.9306
B,L2-L1,L2,L1,0,0,2023Q1,-0.8994
B,L2-L1,L2,L1,0,1,2023Q2,-0.4679
B,L2-L1,L2,L1,0,2,2023Q3,-0.3311
B,L2-L1,L2,L1,0,3,2023Q4,1.3851
B,L2-L1,L2,L1,0,4,2024Q1,1.2918
B,L2-L1,L2,L1,0,5,2024Q2,0.3975
B,L2-L1,L2,L1,0,6,2024Q3,0.2513
B,L2-L1,L2,L1,0,7,2024Q4,-0.3897
B,L2-L1,L2,L1,0,8,2025Q1,-0.819
B,L2-L1,L2,L1,0,9,2025Q2,-0.9237
B,L2-L1,L2,L1,0,10,2025Q3,-0.4123
B,L2-L1,L2,L1,0,11,2025Q4,-0.5487
B,L2-L1,L2,L1,10,0,2023Q1,-0.8732
B,L2-L1,L2,L1,10,1,2023Q2,-0.5131
B,L2-L1,L2,L1,10,2,2023Q3,-0.082
B,L2-L1,L2,L1,10,3,2023Q4,1.3021
B,L2-L1,L2,L1,10,4,2024Q1,1.2022
B,L2-L1,L2,L1,10,5,2024Q2,0.3995
B,L2-L1,L2,L1,10,6,2024Q3,0.2185
B,L2-L1,L2,L1,10,7,2024Q4,-0.411
B,L2-L1,L2,L1,10,8,2025Q1,-0.8089
B,L2-L1,L2,L1,10,9,2025Q2,-1.0429
B,L2-L1,L2,L1,10,10,2025Q3,-0.5321
B,L2-L1,L2,L1,10,11,2025Q4,-0.5518
B,L2-L1,L2,L1,30,0,2023Q1,-0.8083
B,L2-L1,L2,L1,30,1,2023Q2,-0.6144
B,L2-L1,L2,L1,30,2,2023Q3,0.483
B,L2-L1,L2,L1,30,3,2023Q4,1.1215
B,L2-L1,L2,L1,30,4,2024Q1,1.0136
B,L2-L1,L2,L1,30,5,2024Q2,0.4013
B,L2-L1,L2,L1,30,6,2024Q3,0.1522
B,L2-L1,L2,L1,30,7,2024Q4,-0.4524
B,L2-L1,L2,L1,30,8,2025Q1,-0.786
B,L2-L1,L2,L1,30,9,2025Q2,-1.3491
B,L2-L1,L2,L1,30,10,2025Q3,-0.7673
B,L2-L1,L2,L1,30,11,2025Q4,-0.5586
B,L6-L2,L6,L2,0,0,2023Q1,2.9698
B,L6-L2,L6,L2,0,1,2023Q2,1.0947
B,L6-L2,L6,L2,0,2,2023Q3,-0.6136
B,L6-L2,L6,L2,0,3,2023Q4,-1.8314
B,L6-L2,L6,L2,0,4,2024Q1,-3.3115
B,L6-L2,L6,L2,0,5,2024Q2,0.2929
B,L6-L2,L6,L2,0,6,2024Q3,0.0301
B,L6-L2,L6,L2,0,7,2024Q4,0.292
B,L6-L2,L6,L2,0,8,2025Q1,-0.0167
B,L6-L2,L6,L2,0,9,2025Q2,0.1432
B,L6-L2,L6,L2,0,10,2025Q3,0.1953
B,L6-L2,L6,L2,0,11,2025Q4,1.2731
B,L6-L2,L6,L2,10,0,2023Q1,2.9911
B,L6-L2,L6,L2,10,1,2023Q2,0.793
B,L6-L2,L6,L2,10,2,2023Q3,-0.454
B,L6-L2,L6,L2,10,3,2023Q4,-1.7784
B,L6-L2,L6,L2,10,4,2024Q1,-3.222
B,L6-L2,L6,L2,10,5,2024Q2,0.3214
B,L6-L2,L6,L2,10,6,2024Q3,0.0601
B,L6-L2,L6,L2,10,7,2024Q4,0.2658
B,L6-L2,L6,L2,10,8,2025Q1,0.001
B,L6-L2,L6,L2,10,9,2025Q2,0.4459
B,L6-L2,L6,L2,10,10,2025Q3,0.348
B,L6-L2,L6,L2,10,11,2025Q4,1.2134
B,L6-L2,L6,L2,30,0,2023Q1,3.0262
B,L6-L2,L6,L2,30,1,2023Q2,0.5407
B,L6-L2,L6,L2,30,2,2023Q3,-0.1746
B,L6-L2,L6,L2,30,3,2023Q4,-1.6274
B,L6-L2,L6,L2,30,4,2024Q1,-3.0211
B,L6-L2,L6,L2,30,5,2024Q2,0.3902
B,L6-L2,L6,L2,30,6,2024Q3,0.119
B,L6-L2,L6,L2,30,7,2024Q4,0.2143
B,L6-L2,L6,L2,30,8,2025Q1,0.0365
B,L6-L2,L6,L2,30,9,2025Q2,1.1167
B,L6-L2,L6,L2,30,10,2025Q3,0.6547
B,L6-L2,L6,L2,30,11,2025Q4,1.0846
B,L7-L2,L7,L2,0,0,2023Q1,0.522
B,L7-L2,L7,L2,0,1,2023Q2,0.1464
B,L7-L2,L7,L2,0,2,2023Q3,2.1683
B,L7-L2,L7,L2,0,3,2023Q4,-0.4117
B,L7-L2,L7,L2,0,4,2024Q1,-2.334
B,L7-L2,L7,L2,0,5,2024Q2,0.0034
B,L7-L2,L7,L2,0,6,2024Q3,0.0767
B,L7-L2,L7,L2,0,7,2024Q4,-0.2571
B,L7-L2,L7,L2,0,8,2025Q1,-0.6257
B,L7-L2,L7,L2,0,9,2025Q2,-5.3735
B,L7-L2,L7,L2,0,10,2025Q3,0.2918
B,L7-L2,L7,L2,0,11,2025Q4,0.8116
B,L7-L2,L7,L2,10,0,2023Q1,0.5746
B,L7-L2,L7,L2,10,1,2023Q2,0.2578
B,L7-L2,L7,L2,10,2,2023Q3,1.9158
B,L7-L2,L7,L2,10,3,2023Q4,-0.258
B,L7-L2,L7,L2,10,4,2024Q1,-2.2109
B,L7-L2,L7,L2,10,5,2024Q2,0.0529
B,L7-L2,L7,L2,10,6,2024Q3,0.1207
B,L7-L2,L7,L2,10,7,2024Q4,-0.2034
B,L7-L2,L7,L2,10,8,2025Q1,-0.5914
B,L7-L2,L7,L2,10,9,2025Q2,-5.1107
B,L7-L2,L7,L2,10,10,2025Q3,0.4406
B,L7-L2,L7,L2,10,11,2025Q4,0.8552
B,L7-L2,L7,L2,30,0,2023Q1,0.6751
B,L7-L2,L7,L2,30,1,2023Q2,0.4816
B,L7-L2,L7,L2,30,2,2023Q3,1.5552
B,L7-L2,L7,L2,30,3,2023Q4,0.0706
B,L7-L2,L7,L2,30,4,2024Q1,-1.9507
B,L7-L2,L7,L2,30,5,2024Q2,0.1424
B,L7-L2,L7,L2,30,6,2024Q3,0.2088
B,L7-L2,L7,L2,30,7,2024Q4,-0.0985
B,L7-L2,L7,L2,30,8,2025Q1,-0.5193
B,L7-L2,L7,L2,30,9,2025Q2,-4.513
B,L7-L2,L7,L2,30,10,2025Q3,0.7374
B,L7-L2,L7,L2,30,11,2025Q4,0.9419
B,L2s-L2,L2s,L2,0,0,2023Q1,1.1532
B,L2s-L2,L2s,L2,0,1,2023Q2,1.0966
B,L2s-L2,L2s,L2,0,2,2023Q3,2.6728
B,L2s-L2,L2s,L2,0,3,2023Q4,-1.4518
B,L2s-L2,L2s,L2,0,4,2024Q1,-2.0215
B,L2s-L2,L2s,L2,0,5,2024Q2,-1.1661
B,L2s-L2,L2s,L2,0,6,2024Q3,-0.3866
B,L2s-L2,L2s,L2,0,7,2024Q4,-0.0087
B,L2s-L2,L2s,L2,0,8,2025Q1,2.1298
B,L2s-L2,L2s,L2,0,9,2025Q2,-1.907
B,L2s-L2,L2s,L2,0,10,2025Q3,0.5843
B,L2s-L2,L2s,L2,0,11,2025Q4,0.4862
B,L2s-L2,L2s,L2,10,0,2023Q1,1.1785
B,L2s-L2,L2s,L2,10,1,2023Q2,1.0496
B,L2s-L2,L2s,L2,10,2,2023Q3,2.3745
B,L2s-L2,L2s,L2,10,3,2023Q4,-1.631
B,L2s-L2,L2s,L2,10,4,2024Q1,-1.8636
B,L2s-L2,L2s,L2,10,5,2024Q2,-1.1149
B,L2s-L2,L2s,L2,10,6,2024Q3,-0.3417
B,L2s-L2,L2s,L2,10,7,2024Q4,0.0026
B,L2s-L2,L2s,L2,10,8,2025Q1,1.9545
B,L2s-L2,L2s,L2,10,9,2025Q2,-1.758
B,L2s-L2,L2s,L2,10,10,2025Q3,0.7433
B,L2s-L2,L2s,L2,10,11,2025Q4,0.5062
B,L2s-L2,L2s,L2,30,0,2023Q1,1.2245
B,L2s-L2,L2s,L2,30,1,2023Q2,0.9378
B,L2s-L2,L2s,L2,30,2,2023Q3,1.7793
B,L2s-L2,L2s,L2,30,3,2023Q4,-1.8934
B,L2s-L2,L2s,L2,30,4,2024Q1,-1.533
B,L2s-L2,L2s,L2,30,5,2024Q2,-1.0132
B,L2s-L2,L2s,L2,30,6,2024Q3,-0.2521
B,L2s-L2,L2s,L2,30,7,2024Q4,0.0264
B,L2s-L2,L2s,L2,30,8,2025Q1,1.5759
B,L2s-L2,L2s,L2,30,9,2025Q2,-1.4366
B,L2s-L2,L2s,L2,30,10,2025Q3,1.0583
B,L2s-L2,L2s,L2,30,11,2025Q4,0.5459
B,L3-L2,L3,L2,0,0,2023Q1,1.2124
B,L3-L2,L3,L2,0,1,2023Q2,2.5222
B,L3-L2,L3,L2,0,2,2023Q3,1.1143
B,L3-L2,L3,L2,0,3,2023Q4,-2.7356
B,L3-L2,L3,L2,0,4,2024Q1,-2.6123
B,L3-L2,L3,L2,0,5,2024Q2,-0.0627
B,L3-L2,L3,L2,0,6,2024Q3,-0.4463
B,L3-L2,L3,L2,0,7,2024Q4,-2.7128
B,L3-L2,L3,L2,0,8,2025Q1,0.4681
B,L3-L2,L3,L2,0,9,2025Q2,-2.0324
B,L3-L2,L3,L2,0,10,2025Q3,1.7006
B,L3-L2,L3,L2,0,11,2025Q4,1.1528
B,L3-L2,L3,L2,10,0,2023Q1,1.0019
B,L3-L2,L3,L2,10,1,2023Q2,2.1182
B,L3-L2,L3,L2,10,2,2023Q3,0.6264
B,L3-L2,L3,L2,10,3,2023Q4,-2.7938
B,L3-L2,L3,L2,10,4,2024Q1,-2.7027
B,L3-L2,L3,L2,10,5,2024Q2,-0.073
B,L3-L2,L3,L2,10,6,2024Q3,-0.4846
B,L3-L2,L3,L2,10,7,2024Q4,-2.9144
B,L3-L2,L3,L2,10,8,2025Q1,0.4338
B,L3-L2,L3,L2,10,9,2025Q2,-2.0067
B,L3-L2,L3,L2,10,10,2025Q3,1.5835
B,L3-L2,L3,L2,10,11,2025Q4,1.0629
B,L3-L2,L3,L2,30,0,2023Q1,0.5665
B,L3-L2,L3,L2,30,1,2023Q2,1.312
B,L3-L2,L3,L2,30,2,2023Q3,-0.4251
B,L3-L2,L3,L2,30,3,2023Q4,-2.8563
B,L3-L2,L3,L2,30,4,2024Q1,-2.8614
B,L3-L2,L3,L2,30,5,2024Q2,-0.1004
B,L3-L2,L3,L2,30,6,2024Q3,-0.5613
B,L3-L2,L3,L2,30,7,2024Q4,-3.3395
B,L3-L2,L3,L2,30,8,2025Q1,0.364
B,L3-L2,L3,L2,30,9,2025Q2,-1.8943
B,L3-L2,L3,L2,30,10,2025Q3,1.3456
B,L3-L2,L3,L2,30,11,2025Q4,0.8641
B,L4-L2,L4,L2,0,0,2023Q1,2.4109
B,L4-L2,L4,L2,0,1,2023Q2,2.5908
B,L4-L2,L4,L2,0,2,2023Q3,1.4604
B,L4-L2,L4,L2,0,3,2023Q4,-0.9935
B,L4-L2,L4,L2,0,4,2024Q1,-4.1846
B,L4-L2,L4,L2,0,5,2024Q2,0.0235
B,L4-L2,L4,L2,0,6,2024Q3,-0.3944
B,L4-L2,L4,L2,0,7,2024Q4,-0.7421
B,L4-L2,L4,L2,0,8,2025Q1,-0.3185
B,L4-L2,L4,L2,0,9,2025Q2,-3.1123
B,L4-L2,L4,L2,0,10,2025Q3,1.4729
B,L4-L2,L4,L2,0,11,2025Q4,1.4713
B,L4-L2,L4,L2,10,0,2023Q1,1.9507
B,L4-L2,L4,L2,10,1,2023Q2,2.2473
B,L4-L2,L4,L2,10,2,2023Q3,1.4701
B,L4-L2,L4,L2,10,3,2023Q4,-0.7851
B,L4-L2,L4,L2,10,4,2024Q1,-4.1997
B,L4-L2,L4,L2,10,5,2024Q2,0.0628
B,L4-L2,L4,L2,10,6,2024Q3,-0.44
B,L4-L2,L4,L2,10,7,2024Q4,-0.9279
B,L4-L2,L4,L2,10,8,2025Q1,-0.3426
B,L4-L2,L4,L2,10,9,2025Q2,-3.0128
B,L4-L2,L4,L2,10,10,2025Q3,1.3218
B,L4-L2,L4,L2,10,11,2025Q4,1.4485
B,L4-L2,L4,L2,30,0,2023Q1,1.0719
B,L4-L2,L4,L2,30,1,2023Q2,1.6536
B,L4-L2,L4,L2,30,2,2023Q3,1.4285
B,L4-L2,L4,L2,30,3,2023Q4,-0.3637
B,L4-L2,L4,L2,30,4,2024Q1,-4.2166
B,L4-L2,L4,L2,30,5,2024Q2,0.1395
B,L4-L2,L4,L2,30,6,2024Q3,-0.5312
B,L4-L2,L4,L2,30,7,2024Q4,-1.3228
B,L4-L2,L4,L2,30,8,2025Q1,-0.3911
B,L4-L2,L4,L2,30,9,2025Q2,-2.724
B,L4-L2,L4,L2,30,10,2025Q3,1.015
B,L4-L2,L4,L2,30,11,2025Q4,1.3965
B,L5-L2,L5,L2,0,0,2023Q1,1.2716
B,L5-L2,L5,L2,0,1,2023Q2,2.7077
B,L5-L2,L5,L2,0,2,2023Q3,1.0322
B,L5-L2,L5,L2,0,3,2023Q4,-0.8945
B,L5-L2,L5,L2,0,4,2024Q1,-3.7541
B,L5-L2,L5,L2,0,5,2024Q2,0.2973
B,L5-L2,L5,L2,0,6,2024Q3,-0.3814
B,L5-L2,L5,L2,0,7,2024Q4,-0.5036
B,L5-L2,L5,L2,0,8,2025Q1,-0.3792
B,L5-L2,L5,L2,0,9,2025Q2,-2.746
B,L5-L2,L5,L2,0,10,2025Q3,2.6492
B,L5-L2,L5,L2,0,11,2025Q4,1.0388
B,L5-L2,L5,L2,10,0,2023Q1,1.0441
B,L5-L2,L5,L2,10,1,2023Q2,2.4537
B,L5-L2,L5,L2,10,2,2023Q3,0.9424
B,L5-L2,L5,L2,10,3,2023Q4,-0.6689
B,L5-L2,L5,L2,10,4,2024Q1,-3.7429
B,L5-L2,L5,L2,10,5,2024Q2,0.3318
B,L5-L2,L5,L2,10,6,2024Q3,-0.3971
B,L5-L2,L5,L2,10,7,2024Q4,-0.6794
B,L5-L2,L5,L2,10,8,2025Q1,-0.4015
B,L5-L2,L5,L2,10,9,2025Q2,-2.6935
B,L5-L2,L5,L2,10,10,2025Q3,2.3218
B,L5-L2,L5,L2,10,11,2025Q4,0.97
B,L5-L2,L5,L2,30,0,2023Q1,0.6006
B,L5-L2,L5,L2,30,1,2023Q2,1.9713
B,L5-L2,L5,L2,30,2,2023Q3,0.6992
B,L5-L2,L5,L2,30,3,2023Q4,-0.2148
B,L5-L2,L5,L2,30,4,2024Q1,-3.7065
B,L5-L2,L5,L2,30,5,2024Q2,0.3953
B,L5-L2,L5,L2,30,6,2024Q3,-0.4299
B,L5-L2,L5,L2,30,7,2024Q4,-1.0528
B,L5-L2,L5,L2,30,8,2025Q1,-0.4463
B,L5-L2,L5,L2,30,9,2025Q2,-2.5193
B,L5-L2,L5,L2,30,10,2025Q3,1.6731
B,L5-L2,L5,L2,30,11,2025Q4,0.8188
B,L5-L4,L5,L4,0,0,2023Q1,-1.1393
B,L5-L4,L5,L4,0,1,2023Q2,0.1169
B,L5-L4,L5,L4,0,2,2023Q3,-0.4282
B,L5-L4,L5,L4,0,3,2023Q4,0.0989
B,L5-L4,L5,L4,0,4,2024Q1,0.4305
B,L5-L4,L5,L4,0,5,2024Q2,0.2738
B,L5-L4,L5,L4,0,6,2024Q3,0.013
B,L5-L4,L5,L4,0,7,2024Q4,0.2384
B,L5-L4,L5,L4,0,8,2025Q1,-0.0607
B,L5-L4,L5,L4,0,9,2025Q2,0.3663
B,L5-L4,L5,L4,0,10,2025Q3,1.1763
B,L5-L4,L5,L4,0,11,2025Q4,-0.4325
B,L5-L4,L5,L4,10,0,2023Q1,-0.9066
B,L5-L4,L5,L4,10,1,2023Q2,0.2064
B,L5-L4,L5,L4,10,2,2023Q3,-0.5276
B,L5-L4,L5,L4,10,3,2023Q4,0.1162
B,L5-L4,L5,L4,10,4,2024Q1,0.4568
B,L5-L4,L5,L4,10,5,2024Q2,0.269
B,L5-L4,L5,L4,10,6,2024Q3,0.0429
B,L5-L4,L5,L4,10,7,2024Q4,0.2486
B,L5-L4,L5,L4,10,8,2025Q1,-0.0588
B,L5-L4,L5,L4,10,9,2025Q2,0.3192
B,L5-L4,L5,L4,10,10,2025Q3,1.0
B,L5-L4,L5,L4,10,11,2025Q4,-0.4785
B,L5-L4,L5,L4,30,0,2023Q1,-0.4713
B,L5-L4,L5,L4,30,1,2023Q2,0.3177
B,L5-L4,L5,L4,30,2,2023Q3,-0.7294
B,L5-L4,L5,L4,30,3,2023Q4,0.1489
B,L5-L4,L5,L4,30,4,2024Q1,0.5101
B,L5-L4,L5,L4,30,5,2024Q2,0.2558
B,L5-L4,L5,L4,30,6,2024Q3,0.1012
B,L5-L4,L5,L4,30,7,2024Q4,0.27
B,L5-L4,L5,L4,30,8,2025Q1,-0.0552
B,L5-L4,L5,L4,30,9,2025Q2,0.2047
B,L5-L4,L5,L4,30,10,2025Q3,0.6581
B,L5-L4,L5,L4,30,11,2025Q4,-0.5777
B,L5-L3,L5,L3,0,0,2023Q1,0.0592
B,L5-L3,L5,L3,0,1,2023Q2,0.1855
B,L5-L3,L5,L3,0,2,2023Q3,-0.0821
B,L5-L3,L5,L3,0,3,2023Q4,1.8411
B,L5-L3,L5,L3,0,4,2024Q1,-1.1418
B,L5-L3,L5,L3,0,5,2024Q2,0.36
B,L5-L3,L5,L3,0,6,2024Q3,0.0649
B,L5-L3,L5,L3,0,7,2024Q4,2.2091
B,L5-L3,L5,L3,0,8,2025Q1,-0.8472
B,L5-L3,L5,L3,0,9,2025Q2,-0.7136
B,L5-L3,L5,L3,0,10,2025Q3,0.9486
B,L5-L3,L5,L3,0,11,2025Q4,-0.1139
B,L5-L3,L5,L3,10,0,2023Q1,0.0422
B,L5-L3,L5,L3,10,1,2023Q2,0.3355
B,L5-L3,L5,L3,10,2,2023Q3,0.316
B,L5-L3,L5,L3,10,3,2023Q4,2.1249
B,L5-L3,L5,L3,10,4,2024Q1,-1.0403
B,L5-L3,L5,L3,10,5,2024Q2,0.4048
B,L5-L3,L5,L3,10,6,2024Q3,0.0875
B,L5-L3,L5,L3,10,7,2024Q4,2.2351
B,L5-L3,L5,L3,10,8,2025Q1,-0.8353
B,L5-L3,L5,L3,10,9,2025Q2,-0.6868
B,L5-L3,L5,L3,10,10,2025Q3,0.7383
B,L5-L3,L5,L3,10,11,2025Q4,-0.0929
B,L5-L3,L5,L3,30,0,2023Q1,0.0341
B,L5-L3,L5,L3,30,1,2023Q2,0.6593
B,L5-L3,L5,L3,30,2,2023Q3,1.1243
B,L5-L3,L5,L3,30,3,2023Q4,2.6415
B,L5-L3,L5,L3,30,4,2024Q1,-0.8451
B,L5-L3,L5,L3,30,5,2024Q2,0.4957
B,L5-L3,L5,L3,30,6,2024Q3,0.1313
B,L5-L3,L5,L3,30,7,2024Q4,2.2867
B,L5-L3,L5,L3,30,8,2025Q1,-0.8104
B,L5-L3,L5,L3,30,9,2025Q2,-0.6251
B,L5-L3,L5,L3,30,10,2025Q3,0.3275
B,L5-L3,L5,L3,30,11,2025Q4,-0.0453
C,L1-L0,L1,L0,0,0,2023Q1,0.7523
C,L1-L0,L1,L0,0,1,2023Q2,0.194
C,L1-L0,L1,L0,0,2,2023Q3,1.5315
C,L1-L0,L1,L0,0,3,2023Q4,-0.8356
C,L1-L0,L1,L0,0,4,2024Q1,1.1911
C,L1-L0,L1,L0,0,5,2024Q2,0.1382
C,L1-L0,L1,L0,0,6,2024Q3,0.1124
C,L1-L0,L1,L0,0,7,2024Q4,0.0018
C,L1-L0,L1,L0,0,8,2025Q1,1.8552
C,L1-L0,L1,L0,0,9,2025Q2,5.0812
C,L1-L0,L1,L0,0,10,2025Q3,2.9983
C,L1-L0,L1,L0,0,11,2025Q4,1.9166
C,L1-L0,L1,L0,10,0,2023Q1,0.7024
C,L1-L0,L1,L0,10,1,2023Q2,-0.0277
C,L1-L0,L1,L0,10,2,2023Q3,1.546
C,L1-L0,L1,L0,10,3,2023Q4,-1.2507
C,L1-L0,L1,L0,10,4,2024Q1,1.0351
C,L1-L0,L1,L0,10,5,2024Q2,-0.0349
C,L1-L0,L1,L0,10,6,2024Q3,0.099
C,L1-L0,L1,L0,10,7,2024Q4,0.0889
C,L1-L0,L1,L0,10,8,2025Q1,1.9431
C,L1-L0,L1,L0,10,9,2025Q2,4.9135
C,L1-L0,L1,L0,10,10,2025Q3,2.857
C,L1-L0,L1,L0,10,11,2025Q4,2.2078
C,L1-L0,L1,L0,30,0,2023Q1,0.604
C,L1-L0,L1,L0,30,1,2023Q2,-0.4966
C,L1-L0,L1,L0,30,2,2023Q3,1.5862
C,L1-L0,L1,L0,30,3,2023Q4,-2.0148
C,L1-L0,L1,L0,30,4,2024Q1,0.6638
C,L1-L0,L1,L0,30,5,2024Q2,-0.3674
C,L1-L0,L1,L0,30,6,2024Q3,0.0716
C,L1-L0,L1,L0,30,7,2024Q4,0.2806
C,L1-L0,L1,L0,30,8,2025Q1,2.1402
C,L1-L0,L1,L0,30,9,2025Q2,4.6346
C,L1-L0,L1,L0,30,10,2025Q3,2.5718
C,L1-L0,L1,L0,30,11,2025Q4,2.5862
C,L2-L1,L2,L1,0,0,2023Q1,0.1409
C,L2-L1,L2,L1,0,1,2023Q2,0.2625
C,L2-L1,L2,L1,0,2,2023Q3,0.8543
C,L2-L1,L2,L1,0,3,2023Q4,-2.6166
C,L2-L1,L2,L1,0,4,2024Q1,-0.4144
C,L2-L1,L2,L1,0,5,2024Q2,-1.5534
C,L2-L1,L2,L1,0,6,2024Q3,-0.433
C,L2-L1,L2,L1,0,7,2024Q4,0.0696
C,L2-L1,L2,L1,0,8,2025Q1,0.2664
C,L2-L1,L2,L1,0,9,2025Q2,-2.8872
C,L2-L1,L2,L1,0,10,2025Q3,-1.2967
C,L2-L1,L2,L1,0,11,2025Q4,-0.6139
C,L2-L1,L2,L1,10,0,2023Q1,0.096
C,L2-L1,L2,L1,10,1,2023Q2,0.2944
C,L2-L1,L2,L1,10,2,2023Q3,0.606
C,L2-L1,L2,L1,10,3,2023Q4,-3.1701
C,L2-L1,L2,L1,10,4,2024Q1,-0.3025
C,L2-L1,L2,L1,10,5,2024Q2,-1.5755
C,L2-L1,L2,L1,10,6,2024Q3,-0.4491
C,L2-L1,L2,L1,10,7,2024Q4,0.1159
C,L2-L1,L2,L1,10,8,2025Q1,0.2629
C,L2-L1,L2,L1,10,9,2025Q2,-2.7497
C,L2-L1,L2,L1,10,10,2025Q3,-1.1651
C,L2-L1,L2,L1,10,11,2025Q4,-0.613
C,L2-L1,L2,L1,30,0,2023Q1,0.0078
C,L2-L1,L2,L1,30,1,2023Q2,0.3639
C,L2-L1,L2,L1,30,2,2023Q3,-0.3453
C,L2-L1,L2,L1,30,3,2023Q4,-4.6147
C,L2-L1,L2,L1,30,4,2024Q1,-0.0393
C,L2-L1,L2,L1,30,5,2024Q2,-1.5938
C,L2-L1,L2,L1,30,6,2024Q3,-0.4815
C,L2-L1,L2,L1,30,7,2024Q4,0.1995
C,L2-L1,L2,L1,30,8,2025Q1,0.2562
C,L2-L1,L2,L1,30,9,2025Q2,-2.4936
C,L2-L1,L2,L1,30,10,2025Q3,-0.9066
C,L2-L1,L2,L1,30,11,2025Q4,-0.6089
C,L6-L2,L6,L2,0,0,2023Q1,-0.1365
C,L6-L2,L6,L2,0,1,2023Q2,-1.3421
C,L6-L2,L6,L2,0,2,2023Q3,-3.9323
C,L6-L2,L6,L2,0,3,2023Q4,4.3603
C,L6-L2,L6,L2,0,4,2024Q1,-1.4663
C,L6-L2,L6,L2,0,5,2024Q2,3.9542
C,L6-L2,L6,L2,0,6,2024Q3,0.6133
C,L6-L2,L6,L2,0,7,2024Q4,-0.7551
C,L6-L2,L6,L2,0,8,2025Q1,0.0567
C,L6-L2,L6,L2,0,9,2025Q2,1.3757
C,L6-L2,L6,L2,0,10,2025Q3,0.6847
C,L6-L2,L6,L2,0,11,2025Q4,1.6116
C,L6-L2,L6,L2,10,0,2023Q1,-0.0651
C,L6-L2,L6,L2,10,1,2023Q2,-1.2369
C,L6-L2,L6,L2,10,2,2023Q3,-3.6755
C,L6-L2,L6,L2,10,3,2023Q4,5.1251
C,L6-L2,L6,L2,10,4,2024Q1,-1.395
C,L6-L2,L6,L2,10,5,2024Q2,3.8729
C,L6-L2,L6,L2,10,6,2024Q3,0.6327
C,L6-L2,L6,L2,10,7,2024Q4,-0.877
C,L6-L2,L6,L2,10,8,2025Q1,0.0224
C,L6-L2,L6,L2,10,9,2025Q2,1.4408
C,L6-L2,L6,L2,10,10,2025Q3,0.7315
C,L6-L2,L6,L2,10,11,2025Q4,1.4055
C,L6-L2,L6,L2,30,0,2023Q1,0.0764
C,L6-L2,L6,L2,30,1,2023Q2,-1.0119
C,L6-L2,L6,L2,30,2,2023Q3,-2.6132
C,L6-L2,L6,L2,30,3,2023Q4,6.9652
C,L6-L2,L6,L2,30,4,2024Q1,-1.2569
C,L6-L2,L6,L2,30,5,2024Q2,3.3654
C,L6-L2,L6,L2,30,6,2024Q3,0.6727
C,L6-L2,L6,L2,30,7,2024Q4,-1.1398
C,L6-L2,L6,L2,30,8,2025Q1,-0.0497
C,L6-L2,L6,L2,30,9,2025Q2,1.5655
C,L6-L2,L6,L2,30,10,2025Q3,0.8146
C,L6-L2,L6,L2,30,11,2025Q4,1.004
C,L7-L2,L7,L2,0,0,2023Q1,-0.2614
C,L7-L2,L7,L2,0,1,2023Q2,-0.598
C,L7-L2,L7,L2,0,2,2023Q3,-5.947
C,L7-L2,L7,L2,0,3,2023Q4,2.8429
C,L7-L2,L7,L2,0,4,2024Q1,-0.8827
C,L7-L2,L7,L2,0,5,2024Q2,2.6169
C,L7-L2,L7,L2,0,6,2024Q3,0.293
C,L7-L2,L7,L2,0,7,2024Q4,0.272
C,L7-L2,L7,L2,0,8,2025Q1,-1.2045
C,L7-L2,L7,L2,0,9,2025Q2,3.1067
C,L7-L2,L7,L2,0,10,2025Q3,1.2048
C,L7-L2,L7,L2,0,11,2025Q4,0.5169
C,L7-L2,L7,L2,10,0,2023Q1,-0.2096
C,L7-L2,L7,L2,10,1,2023Q2,-0.5719
C,L7-L2,L7,L2,10,2,2023Q3,-6.6105
C,L7-L2,L7,L2,10,3,2023Q4,3.5129
C,L7-L2,L7,L2,10,4,2024Q1,-0.8939
C,L7-L2,L7,L2,10,5,2024Q2,2.1538
C,L7-L2,L7,L2,10,6,2024Q3,0.3161
C,L7-L2,L7,L2,10,7,2024Q4,0.2894
C,L7-L2,L7,L2,10,8,2025Q1,-1.1994
C,L7-L2,L7,L2,10,9,2025Q2,3.1029
C,L7-L2,L7,L2,10,10,2025Q3,1.2662
C,L7-L2,L7,L2,10,11,2025Q4,0.5799
C,L7-L2,L7,L2,30,0,2023Q1,-0.1073
C,L7-L2,L7,L2,30,1,2023Q2,-0.4862
C,L7-L2,L7,L2,30,2,2023Q3,-9.8843
C,L7-L2,L7,L2,30,3,2023Q4,5.1013
C,L7-L2,L7,L2,30,4,2024Q1,-0.9102
C,L7-L2,L7,L2,30,5,2024Q2,1.2524
C,L7-L2,L7,L2,30,6,2024Q3,0.3628
C,L7-L2,L7,L2,30,7,2024Q4,0.3234
C,L7-L2,L7,L2,30,8,2025Q1,-1.1898
C,L7-L2,L7,L2,30,9,2025Q2,3.0545
C,L7-L2,L7,L2,30,10,2025Q3,1.382
C,L7-L2,L7,L2,30,11,2025Q4,0.7239
C,L2s-L2,L2s,L2,0,0,2023Q1,0.0973
C,L2s-L2,L2s,L2,0,1,2023Q2,0.0309
C,L2s-L2,L2s,L2,0,2,2023Q3,-1.9828
C,L2s-L2,L2s,L2,0,3,2023Q4,1.0756
C,L2s-L2,L2s,L2,0,4,2024Q1,-1.3439
C,L2s-L2,L2s,L2,0,5,2024Q2,1.868
C,L2s-L2,L2s,L2,0,6,2024Q3,0.2923
C,L2s-L2,L2s,L2,0,7,2024Q4,-0.4092
C,L2s-L2,L2s,L2,0,8,2025Q1,-0.4414
C,L2s-L2,L2s,L2,0,9,2025Q2,-0.3198
C,L2s-L2,L2s,L2,0,10,2025Q3,1.6635
C,L2s-L2,L2s,L2,0,11,2025Q4,0.1326
C,L2s-L2,L2s,L2,10,0,2023Q1,0.103
C,L2s-L2,L2s,L2,10,1,2023Q2,0.0923
C,L2s-L2,L2s,L2,10,2,2023Q3,-2.54
C,L2s-L2,L2s,L2,10,3,2023Q4,1.6208
C,L2s-L2,L2s,L2,10,4,2024Q1,-1.2783
C,L2s-L2,L2s,L2,10,5,2024Q2,1.7517
C,L2s-L2,L2s,L2,10,6,2024Q3,0.3094
C,L2s-L2,L2s,L2,10,7,2024Q4,-0.4301
C,L2s-L2,L2s,L2,10,8,2025Q1,-0.4836
C,L2s-L2,L2s,L2,10,9,2025Q2,-0.2175
C,L2s-L2,L2s,L2,10,10,2025Q3,1.702
C,L2s-L2,L2s,L2,10,11,2025Q4,0.1543
C,L2s-L2,L2s,L2,30,0,2023Q1,0.1148
C,L2s-L2,L2s,L2,30,1,2023Q2,0.2239
C,L2s-L2,L2s,L2,30,2,2023Q3,-2.9963
C,L2s-L2,L2s,L2,30,3,2023Q4,2.9781
C,L2s-L2,L2s,L2,30,4,2024Q1,-1.1487
C,L2s-L2,L2s,L2,30,5,2024Q2,1.5671
C,L2s-L2,L2s,L2,30,6,2024Q3,0.3431
C,L2s-L2,L2s,L2,30,7,2024Q4,-0.469
C,L2s-L2,L2s,L2,30,8,2025Q1,-0.5685
C,L2s-L2,L2s,L2,30,9,2025Q2,-0.0269
C,L2s-L2,L2s,L2,30,10,2025Q3,1.7676
C,L2s-L2,L2s,L2,30,11,2025Q4,0.2127
C,L3-L2,L3,L2,0,0,2023Q1,-0.3317
C,L3-L2,L3,L2,0,1,2023Q2,0.2451
C,L3-L2,L3,L2,0,2,2023Q3,2.0402
C,L3-L2,L3,L2,0,3,2023Q4,1.7391
C,L3-L2,L3,L2,0,4,2024Q1,-2.3467
C,L3-L2,L3,L2,0,5,2024Q2,1.185
C,L3-L2,L3,L2,0,6,2024Q3,-0.0533
C,L3-L2,L3,L2,0,7,2024Q4,-1.9391
C,L3-L2,L3,L2,0,8,2025Q1,-0.2424
C,L3-L2,L3,L2,0,9,2025Q2,0.6988
C,L3-L2,L3,L2,0,10,2025Q3,-0.1729
C,L3-L2,L3,L2,0,11,2025Q4,0.9392
C,L3-L2,L3,L2,10,0,2023Q1,-0.4161
C,L3-L2,L3,L2,10,1,2023Q2,0.0596
C,L3-L2,L3,L2,10,2,2023Q3,2.586
C,L3-L2,L3,L2,10,3,2023Q4,2.4004
C,L3-L2,L3,L2,10,4,2024Q1,-2.7851
C,L3-L2,L3,L2,10,5,2024Q2,0.8692
C,L3-L2,L3,L2,10,6,2024Q3,-0.1286
C,L3-L2,L3,L2,10,7,2024Q4,-2.1289
C,L3-L2,L3,L2,10,8,2025Q1,-0.3012
C,L3-L2,L3,L2,10,9,2025Q2,0.2151
C,L3-L2,L3,L2,10,10,2025Q3,-0.1744
C,L3-L2,L3,L2,10,11,2025Q4,0.7892
C,L3-L2,L3,L2,30,0,2023Q1,-0.5739
C,L3-L2,L3,L2,30,1,2023Q2,-0.2981
C,L3-L2,L3,L2,30,2,2023Q3,3.9247
C,L3-L2,L3,L2,30,3,2023Q4,3.947
C,L3-L2,L3,L2,30,4,2024Q1,-3.5377
C,L3-L2,L3,L2,30,5,2024Q2,0.4748
C,L3-L2,L3,L2,30,6,2024Q3,-0.2777
C,L3-L2,L3,L2,30,7,2024Q4,-2.4945
C,L3-L2,L3,L2,30,8,2025Q1,-0.4199
C,L3-L2,L3,L2,30,9,2025Q2,-0.8815
C,L3-L2,L3,L2,30,10,2025Q3,-0.1853
C,L3-L2,L3,L2,30,11,2025Q4,0.4405
C,L4-L2,L4,L2,0,0,2023Q1,-0.0228
C,L4-L2,L4,L2,0,1,2023Q2,-0.7011
C,L4-L2,L4,L2,0,2,2023Q3,2.3845
C,L4-L2,L4,L2,0,3,2023Q4,3.4622
C,L4-L2,L4,L2,0,4,2024Q1,-2.5886
C,L4-L2,L4,L2,0,5,2024Q2,0.8936
C,L4-L2,L4,L2,0,6,2024Q3,0.3402
C,L4-L2,L4,L2,0,7,2024Q4,-0.1805
C,L4-L2,L4,L2,0,8,2025Q1,-0.5387
C,L4-L2,L4,L2,0,9,2025Q2,5.6495
C,L4-L2,L4,L2,0,10,2025Q3,0.2843
C,L4-L2,L4,L2,0,11,2025Q4,-0.8522
C,L4-L2,L4,L2,10,0,2023Q1,0.0363
C,L4-L2,L4,L2,10,1,2023Q2,-0.6539
C,L4-L2,L4,L2,10,2,2023Q3,2.746
C,L4-L2,L4,L2,10,3,2023Q4,4.3887
C,L4-L2,L4,L2,10,4,2024Q1,-2.4225
C,L4-L2,L4,L2,10,5,2024Q2,0.9285
C,L4-L2,L4,L2,10,6,2024Q3,0.3591
C,L4-L2,L4,L2,10,7,2024Q4,-0.1299
C,L4-L2,L4,L2,10,8,2025Q1,-0.5851
C,L4-L2,L4,L2,10,9,2025Q2,5.4892
C,L4-L2,L4,L2,10,10,2025Q3,0.3495
C,L4-L2,L4,L2,10,11,2025Q4,-0.7982
C,L4-L2,L4,L2,30,0,2023Q1,0.1492
C,L4-L2,L4,L2,30,1,2023Q2,-0.5834
C,L4-L2,L4,L2,30,2,2023Q3,3.4781
C,L4-L2,L4,L2,30,3,2023Q4,6.5001
C,L4-L2,L4,L2,30,4,2024Q1,-2.0928
C,L4-L2,L4,L2,30,5,2024Q2,0.975
C,L4-L2,L4,L2,30,6,2024Q3,0.3982
C,L4-L2,L4,L2,30,7,2024Q4,-0.0427
C,L4-L2,L4,L2,30,8,2025Q1,-0.6795
C,L4-L2,L4,L2,30,9,2025Q2,5.2093
C,L4-L2,L4,L2,30,10,2025Q3,0.4732
C,L4-L2,L4,L2,30,11,2025Q4,-0.6715
C,L5-L2,L5,L2,0,0,2023Q1,0.2073
C,L5-L2,L5,L2,0,1,2023Q2,-0.2008
C,L5-L2,L5,L2,0,2,2023Q3,1.1636
C,L5-L2,L5,L2,0,3,2023Q4,4.2293
C,L5-L2,L5,L2,0,4,2024Q1,-2.9558
C,L5-L2,L5,L2,0,5,2024Q2,2.7869
C,L5-L2,L5,L2,0,6,2024Q3,0.6483
C,L5-L2,L5,L2,0,7,2024Q4,-0.1713
C,L5-L2,L5,L2,0,8,2025Q1,-1.0516
C,L5-L2,L5,L2,0,9,2025Q2,3.9167
C,L5-L2,L5,L2,0,10,2025Q3,1.3355
C,L5-L2,L5,L2,0,11,2025Q4,0.8267
C,L5-L2,L5,L2,10,0,2023Q1,0.2098
C,L5-L2,L5,L2,10,1,2023Q2,-0.2435
C,L5-L2,L5,L2,10,2,2023Q3,1.5796
C,L5-L2,L5,L2,10,3,2023Q4,4.873
C,L5-L2,L5,L2,10,4,2024Q1,-2.9914
C,L5-L2,L5,L2,10,5,2024Q2,2.7731
C,L5-L2,L5,L2,10,6,2024Q3,0.6496
C,L5-L2,L5,L2,10,7,2024Q4,-0.1747
C,L5-L2,L5,L2,10,8,2025Q1,-1.0693
C,L5-L2,L5,L2,10,9,2025Q2,3.7835
C,L5-L2,L5,L2,10,10,2025Q3,1.399
C,L5-L2,L5,L2,10,11,2025Q4,0.7393
C,L5-L2,L5,L2,30,0,2023Q1,0.2126
C,L5-L2,L5,L2,30,1,2023Q2,-0.3341
C,L5-L2,L5,L2,30,2,2023Q3,2.6162
C,L5-L2,L5,L2,30,3,2023Q4,6.4562
C,L5-L2,L5,L2,30,4,2024Q1,-3.0595
C,L5-L2,L5,L2,30,5,2024Q2,2.7183
C,L5-L2,L5,L2,30,6,2024Q3,0.6538
C,L5-L2,L5,L2,30,7,2024Q4,-0.1741
C,L5-L2,L5,L2,30,8,2025Q1,-1.1043
C,L5-L2,L5,L2,30,9,2025Q2,3.5016
C,L5-L2,L5,L2,30,10,2025Q3,1.5107
C,L5-L2,L5,L2,30,11,2025Q4,0.5537
C,L5-L4,L5,L4,0,0,2023Q1,0.23
C,L5-L4,L5,L4,0,1,2023Q2,0.5003
C,L5-L4,L5,L4,0,2,2023Q3,-1.221
C,L5-L4,L5,L4,0,3,2023Q4,0.7671
C,L5-L4,L5,L4,0,4,2024Q1,-0.3672
C,L5-L4,L5,L4,0,5,2024Q2,1.8933
C,L5-L4,L5,L4,0,6,2024Q3,0.3081
C,L5-L4,L5,L4,0,7,2024Q4,0.0092
C,L5-L4,L5,L4,0,8,2025Q1,-0.5129
C,L5-L4,L5,L4,0,9,2025Q2,-1.7328
C,L5-L4,L5,L4,0,10,2025Q3,1.0512
C,L5-L4,L5,L4,0,11,2025Q4,1.6789
C,L5-L4,L5,L4,10,0,2023Q1,0.1735
C,L5-L4,L5,L4,10,1,2023Q2,0.4104
C,L5-L4,L5,L4,10,2,2023Q3,-1.1664
C,L5-L4,L5,L4,10,3,2023Q4,0.4843
C,L5-L4,L5,L4,10,4,2024Q1,-0.5689
C,L5-L4,L5,L4,10,5,2024Q2,1.8446
C,L5-L4,L5,L4,10,6,2024Q3,0.2904
C,L5-L4,L5,L4,10,7,2024Q4,-0.0448
C,L5-L4,L5,L4,10,8,2025Q1,-0.4842
C,L5-L4,L5,L4,10,9,2025Q2,-1.7056
C,L5-L4,L5,L4,10,10,2025Q3,1.0496
C,L5-L4,L5,L4,10,11,2025Q4,1.5375
C,L5-L4,L5,L4,30,0,2023Q1,0.0634
C,L5-L4,L5,L4,30,1,2023Q2,0.2493
C,L5-L4,L5,L4,30,2,2023Q3,-0.862
C,L5-L4,L5,L4,30,3,2023Q4,-0.0439
C,L5-L4,L5,L4,30,4,2024Q1,-0.9667
C,L5-L4,L5,L4,30,5,2024Q2,1.7433
C,L5-L4,L5,L4,30,6,2024Q3,0.2556
C,L5-L4,L5,L4,30,7,2024Q4,-0.1315
C,L5-L4,L5,L4,30,8,2025Q1,-0.4248
C,L5-L4,L5,L4,30,9,2025Q2,-1.7078
C,L5-L4,L5,L4,30,10,2025Q3,1.0375
C,L5-L4,L5,L4,30,11,2025Q4,1.2252
C,L5-L3,L5,L3,0,0,2023Q1,0.5389
C,L5-L3,L5,L3,0,1,2023Q2,-0.4458
C,L5-L3,L5,L3,0,2,2023Q3,-0.8766
C,L5-L3,L5,L3,0,3,2023Q4,2.4902
C,L5-L3,L5,L3,0,4,2024Q1,-0.6091
C,L5-L3,L5,L3,0,5,2024Q2,1.6019
C,L5-L3,L5,L3,0,6,2024Q3,0.7016
C,L5-L3,L5,L3,0,7,2024Q4,1.7678
C,L5-L3,L5,L3,0,8,2025Q1,-0.8091
C,L5-L3,L5,L3,0,9,2025Q2,3.218
C,L5-L3,L5,L3,0,10,2025Q3,1.5084
C,L5-L3,L5,L3,0,11,2025Q4,-0.1125
C,L5-L3,L5,L3,10,0,2023Q1,0.6259
C,L5-L3,L5,L3,10,1,2023Q2,-0.3031
C,L5-L3,L5,L3,10,2,2023Q3,-1.0065
C,L5-L3,L5,L3,10,3,2023Q4,2.4726
C,L5-L3,L5,L3,10,4,2024Q1,-0.2063
C,L5-L3,L5,L3,10,5,2024Q2,1.9039
C,L5-L3,L5,L3,10,6,2024Q3,0.7782
C,L5-L3,L5,L3,10,7,2024Q4,1.9543
C,L5-L3,L5,L3,10,8,2025Q1,-0.7681
C,L5-L3,L5,L3,10,9,2025Q2,3.5685
C,L5-L3,L5,L3,10,10,2025Q3,1.5734
C,L5-L3,L5,L3,10,11,2025Q4,-0.0499
C,L5-L3,L5,L3,30,0,2023Q1,0.7865
C,L5-L3,L5,L3,30,1,2023Q2,-0.036
C,L5-L3,L5,L3,30,2,2023Q3,-1.3086
C,L5-L3,L5,L3,30,3,2023Q4,2.5092
C,L5-L3,L5,L3,30,4,2024Q1,0.4782
C,L5-L3,L5,L3,30,5,2024Q2,2.2434
C,L5-L3,L5,L3,30,6,2024Q3,0.9315
C,L5-L3,L5,L3,30,7,2024Q4,2.3204
C,L5-L3,L5,L3,30,8,2025Q1,-0.6844
C,L5-L3,L5,L3,30,9,2025Q2,4.383
C,L5-L3,L5,L3,30,10,2025Q3,1.6961
C,L5-L3,L5,L3,30,11,2025Q4,0.1131
