cell_id,universe,arm,model,edge_config,seed,fold,test_period,IC_mean,IC_std,n_test_days,Sharpe_gross,Sharpe_net_0bps,Sharpe_net_5bps,Sharpe_net_10bps,Sharpe_net_15bps,Sharpe_net_20bps,Sharpe_net_30bps,mean_turnover_L1,n_periods,best_val_loss,epochs_run,wall_time_sec,converged_flag,cost_convention
3600,CPRE,L0,LightGBM,none,86,0,2023Q1,-0.048435,0.105512,62,-4.1818,-4.1818,-4.2386,-4.2932,-4.3456,-4.3959,-4.4908,1.5,3,-0.009131,6,0.7,1,L1_one_way
3601,CPRE,L0,LightGBM,none,123,0,2023Q1,-0.048435,0.105512,62,-4.1818,-4.1818,-4.2386,-4.2932,-4.3456,-4.3959,-4.4908,1.5,3,-0.009131,6,0.7,1,L1_one_way
3602,CPRE,L0,LightGBM,none,456,0,2023Q1,-0.048435,0.105512,62,-4.1818,-4.1818,-4.2386,-4.2932,-4.3456,-4.3959,-4.4908,1.5,3,-0.009131,6,0.7,1,L1_one_way
3603,CPRE,L0,LightGBM,none,789,0,2023Q1,-0.048435,0.105512,62,-4.1818,-4.1818,-4.2386,-4.2932,-4.3456,-4.3959,-4.4908,1.5,3,-0.009131,6,0.7,1,L1_one_way
3604,CPRE,L0,LightGBM,none,1024,0,2023Q1,-0.048435,0.105512,62,-4.1818,-4.1818,-4.2386,-4.2932,-4.3456,-4.3959,-4.4908,1.5,3,-0.009131,6,0.7,1,L1_one_way
3605,CPRE,L0,LightGBM,none,2024,0,2023Q1,-0.048435,0.105512,62,-4.1818,-4.1818,-4.2386,-4.2932,-4.3456,-4.3959,-4.4908,1.5,3,-0.009131,6,0.7,1,L1_one_way
3606,CPRE,L0,LightGBM,none,7,0,2023Q1,-0.048435,0.105512,62,-4.1818,-4.1818,-4.2386,-4.2932,-4.3456,-4.3959,-4.4908,1.5,3,-0.009131,6,0.6,1,L1_one_way
3607,CPRE,L0,LightGBM,none,34,0,2023Q1,-0.048435,0.105512,62,-4.1818,-4.1818,-4.2386,-4.2932,-4.3456,-4.3959,-4.4908,1.5,3,-0.009131,6,0.7,1,L1_one_way
3608,CPRE,L0,LightGBM,none,99,0,2023Q1,-0.048435,0.105512,62,-4.1818,-4.1818,-4.2386,-4.2932,-4.3456,-4.3959,-4.4908,1.5,3,-0.009131,6,0.7,1,L1_one_way
3609,CPRE,L0,LightGBM,none,2026,0,2023Q1,-0.048435,0.105512,62,-4.1818,-4.1818,-4.2386,-4.2932,-4.3456,-4.3959,-4.4908,1.5,3,-0.009131,6,0.6,1,L1_one_way
3720,CPRE,L1,MLP,none,86,0,2023Q1,-0.040719,0.09892,62,-1.9234,-1.9234,-2.0044,-2.0849,-2.165,-2.2446,-2.4027,3.2,3,0.986676,19,21.6,1,L1_one_way
3721,CPRE,L1,MLP,none,123,0,2023Q1,-0.029592,0.096144,62,-2.4169,-2.4169,-2.4789,-2.5405,-2.6018,-2.6628,-2.7838,3.0,3,0.982625,20,22.8,1,L1_one_way
3722,CPRE,L1,MLP,none,456,0,2023Q1,-0.055553,0.095599,62,-2.9044,-2.9044,-2.9811,-3.0573,-3.1332,-3.2086,-3.3583,3.16,3,0.98241,21,23.6,1,L1_one_way
3723,CPRE,L1,MLP,none,789,0,2023Q1,-0.037006,0.076256,62,-2.3714,-2.3714,-2.5364,-2.6998,-2.8617,-3.0221,-3.3384,3.26,3,0.981633,20,22.4,1,L1_one_way
3724,CPRE,L1,MLP,none,1024,0,2023Q1,-0.021432,0.068641,62,-3.9592,-3.9592,-4.0426,-4.1256,-4.208,-4.2899,-4.4522,3.18,3,0.985532,22,24.7,1,L1_one_way
3725,CPRE,L1,MLP,none,2024,0,2023Q1,-0.032847,0.112962,62,-2.2666,-2.2666,-2.3193,-2.3718,-2.424,-2.4759,-2.5791,2.94,3,0.981236,19,21.4,1,L1_one_way
3726,CPRE,L1,MLP,none,7,0,2023Q1,-0.041097,0.095408,62,-1.9978,-1.9978,-2.0838,-2.1694,-2.2543,-2.3388,-2.506,3.08,3,0.98389,19,21.4,1,L1_one_way
3727,CPRE,L1,MLP,none,34,0,2023Q1,-0.035686,0.089903,62,-2.5244,-2.5244,-2.6065,-2.688,-2.769,-2.8494,-3.0087,3.1,3,0.979937,19,21.4,1,L1_one_way
3728,CPRE,L1,MLP,none,99,0,2023Q1,-0.057615,0.086659,62,-3.1176,-3.1176,-3.2125,-3.3068,-3.4006,-3.4939,-3.6787,3.22,3,0.991271,18,20.3,1,L1_one_way
3729,CPRE,L1,MLP,none,2026,0,2023Q1,-0.02905,0.113299,62,-2.6175,-2.6175,-2.69,-2.762,-2.8336,-2.9047,-3.0455,2.98,3,0.985641,20,22.5,1,L1_one_way
3610,CPRE,L0,LightGBM,none,86,1,2023Q2,0.002,0.092416,62,-0.961,-0.961,-1.0227,-1.0854,-1.149,-1.2135,-1.3452,0.86,3,0.046038,23,1.0,1,L1_one_way
3611,CPRE,L0,LightGBM,none,123,1,2023Q2,0.002,0.092416,62,-0.961,-0.961,-1.0227,-1.0854,-1.149,-1.2135,-1.3452,0.86,3,0.046038,23,0.9,1,L1_one_way
3612,CPRE,L0,LightGBM,none,456,1,2023Q2,0.002,0.092416,62,-0.961,-0.961,-1.0227,-1.0854,-1.149,-1.2135,-1.3452,0.86,3,0.046038,23,1.0,1,L1_one_way
3613,CPRE,L0,LightGBM,none,789,1,2023Q2,0.002,0.092416,62,-0.961,-0.961,-1.0227,-1.0854,-1.149,-1.2135,-1.3452,0.86,3,0.046038,23,1.0,1,L1_one_way
3614,CPRE,L0,LightGBM,none,1024,1,2023Q2,0.002,0.092416,62,-0.961,-0.961,-1.0227,-1.0854,-1.149,-1.2135,-1.3452,0.86,3,0.046038,23,0.9,1,L1_one_way
3615,CPRE,L0,LightGBM,none,2024,1,2023Q2,0.002,0.092416,62,-0.961,-0.961,-1.0227,-1.0854,-1.149,-1.2135,-1.3452,0.86,3,0.046038,23,1.0,1,L1_one_way
3616,CPRE,L0,LightGBM,none,7,1,2023Q2,0.002,0.092416,62,-0.961,-0.961,-1.0227,-1.0854,-1.149,-1.2135,-1.3452,0.86,3,0.046038,23,1.0,1,L1_one_way
3617,CPRE,L0,LightGBM,none,34,1,2023Q2,0.002,0.092416,62,-0.961,-0.961,-1.0227,-1.0854,-1.149,-1.2135,-1.3452,0.86,3,0.046038,23,0.9,1,L1_one_way
3618,CPRE,L0,LightGBM,none,99,1,2023Q2,0.002,0.092416,62,-0.961,-0.961,-1.0227,-1.0854,-1.149,-1.2135,-1.3452,0.86,3,0.046038,23,0.9,1,L1_one_way
3619,CPRE,L0,LightGBM,none,2026,1,2023Q2,0.002,0.092416,62,-0.961,-0.961,-1.0227,-1.0854,-1.149,-1.2135,-1.3452,0.86,3,0.046038,23,1.0,1,L1_one_way
3730,CPRE,L1,MLP,none,86,1,2023Q2,-0.012657,0.122691,62,-0.6058,-0.6058,-0.8788,-1.1544,-1.4325,-1.7132,-2.2825,3.54,3,1.009178,16,21.5,1,L1_one_way
3731,CPRE,L1,MLP,none,123,1,2023Q2,-0.055309,0.141397,62,-0.8597,-0.8597,-0.963,-1.0667,-1.171,-1.2759,-1.4873,3.46,3,1.016436,16,21.4,1,L1_one_way
3732,CPRE,L1,MLP,none,456,1,2023Q2,-0.067099,0.113622,62,-3.1307,-3.1307,-3.2731,-3.4161,-3.5596,-3.7036,-3.9931,3.5,3,1.004495,16,21.5,1,L1_one_way
3733,CPRE,L1,MLP,none,789,1,2023Q2,0.003736,0.093648,62,-0.8881,-0.8881,-1.0212,-1.1552,-1.29,-1.4257,-1.6997,3.34,3,1.010042,16,21.5,1,L1_one_way
3734,CPRE,L1,MLP,none,1024,1,2023Q2,-0.035303,0.116433,62,-1.3662,-1.3662,-1.5603,-1.7563,-1.9542,-2.1541,-2.5597,3.32,3,1.010638,16,21.5,1,L1_one_way
3735,CPRE,L1,MLP,none,2024,1,2023Q2,-0.024009,0.147197,62,0.2615,0.2615,0.1614,0.061,-0.0397,-0.1407,-0.3437,3.44,3,1.013268,16,21.5,1,L1_one_way
3736,CPRE,L1,MLP,none,7,1,2023Q2,-0.04385,0.107114,62,-1.9654,-1.9654,-2.0841,-2.2036,-2.3239,-2.445,-2.6897,3.36,3,1.012645,16,21.5,1,L1_one_way
3737,CPRE,L1,MLP,none,34,1,2023Q2,-0.020171,0.086185,62,-1.4671,-1.4671,-1.7837,-2.1038,-2.4275,-2.7547,-3.4203,3.52,3,1.003169,16,21.4,1,L1_one_way
3738,CPRE,L1,MLP,none,99,1,2023Q2,-0.011578,0.089639,62,-1.2524,-1.2524,-1.53,-1.8108,-2.0947,-2.3819,-2.9662,3.48,3,1.01263,17,22.8,1,L1_one_way
3739,CPRE,L1,MLP,none,2026,1,2023Q2,0.025085,0.11197,62,-0.0189,-0.0189,-0.2187,-0.4203,-0.624,-0.8297,-1.2473,3.44,3,1.009581,16,21.5,1,L1_one_way
3620,CPRE,L0,LightGBM,none,86,2,2023Q3,-0.049785,0.063342,63,-1.1316,-1.1316,-1.4684,-1.8059,-2.1427,-2.4774,-3.1357,1.92,3,-0.027683,1,0.8,1,L1_one_way
3621,CPRE,L0,LightGBM,none,123,2,2023Q3,-0.0498,0.063229,63,-1.3307,-1.3307,-1.6884,-2.0481,-2.4084,-2.7676,-3.4767,1.94,3,-0.028698,1,0.8,1,L1_one_way
3622,CPRE,L0,LightGBM,none,456,2,2023Q3,-0.044696,0.061735,63,-0.8168,-0.8168,-1.1411,-1.4661,-1.7907,-2.1138,-2.7513,2.0,3,-0.03169,4,0.8,1,L1_one_way
3623,CPRE,L0,LightGBM,none,789,2,2023Q3,-0.05074,0.059701,63,-0.3807,-0.3807,-0.7327,-1.0892,-1.449,-1.8111,-2.5371,2.1,3,-0.044245,18,1.0,1,L1_one_way
3624,CPRE,L0,LightGBM,none,1024,2,2023Q3,-0.049874,0.06355,63,-1.4088,-1.4088,-1.7771,-2.1478,-2.5196,-2.8906,-3.6244,1.98,3,-0.027382,1,0.8,1,L1_one_way
3625,CPRE,L0,LightGBM,none,2024,2,2023Q3,-0.045525,0.064625,63,-0.5413,-0.5413,-0.854,-1.1708,-1.4911,-1.8141,-2.4648,2.1,3,-0.042275,15,1.0,1,L1_one_way
3626,CPRE,L0,LightGBM,none,7,2,2023Q3,-0.050075,0.063218,63,-1.3307,-1.3307,-1.6884,-2.0481,-2.4084,-2.7676,-3.4767,1.94,3,-0.028495,1,0.8,1,L1_one_way
3627,CPRE,L0,LightGBM,none,34,2,2023Q3,-0.050122,0.062943,63,1.0272,1.0272,0.8184,0.6057,0.3892,0.169,-0.2818,2.16,3,-0.05357,54,1.5,1,L1_one_way
3628,CPRE,L0,LightGBM,none,99,2,2023Q3,0.002566,0.063267,63,-1.0486,-1.0486,-1.4016,-1.7596,-2.1213,-2.4854,-3.2155,2.02,3,-0.050694,1,0.8,1,L1_one_way
3629,CPRE,L0,LightGBM,none,2026,2,2023Q3,-0.044552,0.062033,63,-0.7832,-0.7832,-1.1046,-1.4265,-1.7479,-2.0677,-2.6985,2.0,3,-0.030652,4,0.8,1,L1_one_way
3740,CPRE,L1,MLP,none,86,2,2023Q3,-0.025228,0.066247,63,0.3179,0.3179,-0.1277,-0.567,-0.9999,-1.4264,-2.2601,3.24,3,1.001782,21,32.8,1,L1_one_way
3741,CPRE,L1,MLP,none,123,2,2023Q3,-0.069908,0.077455,63,-0.1359,-0.1359,-0.4084,-0.6777,-0.9437,-1.2065,-1.7224,3.06,3,0.994578,25,38.9,1,L1_one_way
3742,CPRE,L1,MLP,none,456,2,2023Q3,-0.071275,0.076402,63,-1.7916,-1.7916,-2.1272,-2.4673,-2.8119,-3.1612,-3.8737,3.44,3,0.974491,26,40.5,1,L1_one_way
3743,CPRE,L1,MLP,none,789,2,2023Q3,-0.003487,0.061882,63,1.7296,1.7296,1.0385,0.3626,-0.2986,-0.9455,-2.1979,3.54,3,0.995021,16,24.9,1,L1_one_way
3744,CPRE,L1,MLP,none,1024,2,2023Q3,-0.043023,0.057251,63,-0.5017,-0.5017,-0.8974,-1.2878,-1.6728,-2.0523,-2.7947,3.12,3,1.000355,28,43.5,1,L1_one_way
3745,CPRE,L1,MLP,none,2024,2,2023Q3,-0.061887,0.073375,63,-2.4799,-2.4799,-2.8731,-3.254,-3.6229,-3.9804,-4.663,3.12,3,0.990144,25,38.9,1,L1_one_way
3746,CPRE,L1,MLP,none,7,2,2023Q3,-0.049095,0.078778,63,-5.314,-5.314,-5.8271,-6.3338,-6.8339,-7.3273,-8.2942,3.4,3,0.99017,30,46.6,1,L1_one_way
3747,CPRE,L1,MLP,none,34,2,2023Q3,-0.059486,0.070867,63,-15.0246,-15.0246,-16.1551,-17.1808,-18.1106,-18.9533,-20.4105,3.22,3,0.995845,19,29.6,1,L1_one_way
3748,CPRE,L1,MLP,none,99,2,2023Q3,-0.015691,0.053339,63,2.0234,2.0234,0.8786,-0.2126,-1.2517,-2.2403,-4.0741,3.18,3,0.983348,26,40.5,1,L1_one_way
3749,CPRE,L1,MLP,none,2026,2,2023Q3,-0.055264,0.066939,63,-9.9025,-9.9025,-11.0907,-12.1626,-13.133,-14.0146,-15.5529,3.24,3,0.985658,34,53.0,1,L1_one_way
3630,CPRE,L0,LightGBM,none,86,3,2023Q4,-0.007918,0.082243,63,1.7233,1.7233,1.4972,1.2716,1.0471,0.8245,0.3878,1.42,3,-0.021359,6,0.9,1,L1_one_way
3631,CPRE,L0,LightGBM,none,123,3,2023Q4,-0.007654,0.082014,63,1.7233,1.7233,1.4972,1.2716,1.0471,0.8245,0.3878,1.42,3,-0.020931,4,0.9,1,L1_one_way
3632,CPRE,L0,LightGBM,none,456,3,2023Q4,-0.007922,0.082024,63,1.6481,1.6481,1.4253,1.2023,0.98,0.759,0.3236,1.46,3,-0.020634,5,0.9,1,L1_one_way
3633,CPRE,L0,LightGBM,none,789,3,2023Q4,-0.00693,0.082216,63,1.6481,1.6481,1.4253,1.2023,0.98,0.759,0.3236,1.46,3,-0.020978,3,0.9,1,L1_one_way
3634,CPRE,L0,LightGBM,none,1024,3,2023Q4,-0.008045,0.082336,63,1.7233,1.7233,1.4972,1.2716,1.0471,0.8245,0.3878,1.42,3,-0.021406,3,0.9,1,L1_one_way
3635,CPRE,L0,LightGBM,none,2024,3,2023Q4,-0.008468,0.082329,63,1.7233,1.7233,1.4972,1.2716,1.0471,0.8245,0.3878,1.42,3,-0.021019,8,0.9,1,L1_one_way
3636,CPRE,L0,LightGBM,none,7,3,2023Q4,-0.007631,0.08255,63,1.5483,1.5483,1.322,1.0957,0.8703,0.6464,0.2062,1.42,3,-0.021165,4,0.9,1,L1_one_way
3637,CPRE,L0,LightGBM,none,34,3,2023Q4,-0.008254,0.082255,63,2.0449,2.0449,1.7933,1.5428,1.2943,1.0489,0.5701,1.42,3,-0.021912,11,1.0,1,L1_one_way
3638,CPRE,L0,LightGBM,none,99,3,2023Q4,-0.008838,0.080112,63,1.7233,1.7233,1.4972,1.2716,1.0471,0.8245,0.3878,1.42,3,-0.02059,7,0.9,1,L1_one_way
3639,CPRE,L0,LightGBM,none,2026,3,2023Q4,-0.008587,0.082399,63,1.7233,1.7233,1.4972,1.2716,1.0471,0.8245,0.3878,1.42,3,-0.021316,3,0.9,1,L1_one_way
3750,CPRE,L1,MLP,none,86,3,2023Q4,0.052941,0.153502,63,4.0739,4.0739,3.8691,3.6658,3.4639,3.2634,2.8668,3.42,3,0.996374,22,39.5,1,L1_one_way
3751,CPRE,L1,MLP,none,123,3,2023Q4,0.050717,0.159689,63,3.6136,3.6136,3.1745,2.7415,2.3143,1.8928,1.0668,3.54,3,0.997955,16,28.4,1,L1_one_way
3752,CPRE,L1,MLP,none,456,3,2023Q4,0.052073,0.098455,63,2.8899,2.8899,2.6668,2.4456,2.2264,2.0092,1.5805,3.42,3,0.999296,21,37.3,1,L1_one_way
3753,CPRE,L1,MLP,none,789,3,2023Q4,0.017425,0.088483,63,0.6818,0.6818,0.4571,0.2338,0.0121,-0.2082,-0.6445,3.4,3,0.999389,18,31.9,1,L1_one_way
3754,CPRE,L1,MLP,none,1024,3,2023Q4,0.03951,0.128998,63,2.2802,2.2802,2.0098,1.7407,1.473,1.2068,0.6786,3.56,3,0.996654,19,33.7,1,L1_one_way
3755,CPRE,L1,MLP,none,2024,3,2023Q4,0.028171,0.134773,63,1.6993,1.6993,1.4588,1.2184,0.9781,0.738,0.2584,3.44,3,0.999126,17,30.2,1,L1_one_way
3756,CPRE,L1,MLP,none,7,3,2023Q4,0.052664,0.122537,63,1.5751,1.5751,1.4089,1.2447,1.0826,0.9223,0.6075,3.12,3,1.000319,22,39.1,1,L1_one_way
3757,CPRE,L1,MLP,none,34,3,2023Q4,-0.040017,0.087889,63,-2.3977,-2.3977,-2.6977,-2.9975,-3.297,-3.5961,-4.1932,3.48,3,0.99765,27,47.9,1,L1_one_way
3758,CPRE,L1,MLP,none,99,3,2023Q4,0.006991,0.085405,63,-7.6186,-7.6186,-8.3275,-9.0308,-9.7278,-10.4179,-11.7753,3.4,3,0.996626,29,51.5,1,L1_one_way
3759,CPRE,L1,MLP,none,2026,3,2023Q4,0.01389,0.079873,63,4.1806,4.1806,2.6649,1.216,-0.1688,-1.4921,-3.9656,3.44,3,0.99677,20,35.5,1,L1_one_way
3640,CPRE,L0,LightGBM,none,86,4,2024Q1,0.002369,0.106348,61,0.8926,0.8926,0.5721,0.2715,-0.011,-0.2769,-0.7644,1.88,3,-0.059672,2,0.9,1,L1_one_way
3641,CPRE,L0,LightGBM,none,123,4,2024Q1,0.006018,0.094124,61,-0.695,-0.695,-0.8868,-1.0748,-1.2589,-1.4391,-1.7874,1.9,3,-0.042591,2,0.9,1,L1_one_way
3642,CPRE,L0,LightGBM,none,456,4,2024Q1,0.010849,0.097789,61,0.3228,0.3228,0.0991,-0.1149,-0.32,-0.5167,-0.8866,2.0,3,-0.048763,3,0.9,1,L1_one_way
3643,CPRE,L0,LightGBM,none,789,4,2024Q1,0.002365,0.108762,61,0.733,0.733,0.4335,0.1519,-0.1133,-0.3635,-0.8236,1.86,3,-0.059865,2,0.9,1,L1_one_way
3644,CPRE,L0,LightGBM,none,1024,4,2024Q1,0.003754,0.101244,61,-0.0064,-0.0064,-0.2231,-0.4302,-0.6284,-0.8182,-1.1746,1.94,3,-0.049916,4,0.9,1,L1_one_way
3645,CPRE,L0,LightGBM,none,2024,4,2024Q1,0.00272,0.100351,61,-0.1062,-0.1062,-0.2946,-0.4751,-0.6482,-0.8145,-1.1278,1.88,3,-0.046862,3,0.9,1,L1_one_way
3646,CPRE,L0,LightGBM,none,7,4,2024Q1,0.010187,0.093943,61,0.2692,0.2692,0.0503,-0.1585,-0.3578,-0.5482,-0.905,1.88,3,-0.045001,4,0.9,1,L1_one_way
3647,CPRE,L0,LightGBM,none,34,4,2024Q1,-0.005801,0.093424,61,-2.7095,-2.7095,-2.8293,-2.9471,-3.063,-3.1771,-3.3998,2.66,3,-0.083399,26,1.3,1,L1_one_way
3648,CPRE,L0,LightGBM,none,99,4,2024Q1,0.007678,0.096328,61,-1.2559,-1.2559,-1.4818,-1.7025,-1.9177,-2.1274,-2.5298,1.9,3,-0.064128,1,0.8,1,L1_one_way
3649,CPRE,L0,LightGBM,none,2026,4,2024Q1,-0.000373,0.098117,61,-1.871,-1.871,-2.089,-2.3013,-2.5076,-2.7078,-3.0896,1.84,3,-0.054529,2,0.9,1,L1_one_way
3760,CPRE,L1,MLP,none,86,4,2024Q1,0.018538,0.071003,61,0.31,0.31,0.1484,-0.0121,-0.1715,-0.3298,-0.6434,3.44,3,0.973014,21,41.9,1,L1_one_way
3761,CPRE,L1,MLP,none,123,4,2024Q1,0.037063,0.056782,61,1.4161,1.4161,1.2891,1.1627,1.0371,0.9121,0.6641,3.34,3,0.973665,29,57.8,1,L1_one_way
3762,CPRE,L1,MLP,none,456,4,2024Q1,0.018631,0.090965,61,-0.8352,-0.8352,-1.0359,-1.2351,-1.4326,-1.6286,-2.0159,3.46,3,0.976478,21,41.9,1,L1_one_way
3763,CPRE,L1,MLP,none,789,4,2024Q1,0.011145,0.066555,61,-1.739,-1.739,-1.9299,-2.1183,-2.3045,-2.4883,-2.8494,3.2,3,0.986214,19,37.8,1,L1_one_way
3764,CPRE,L1,MLP,none,1024,4,2024Q1,0.017986,0.079736,61,0.6043,0.6043,0.4054,0.2079,0.0121,-0.1823,-0.5665,3.48,3,0.978183,23,45.9,1,L1_one_way
3765,CPRE,L1,MLP,none,2024,4,2024Q1,0.004496,0.08491,61,1.2038,1.2038,0.9866,0.7714,0.5583,0.3472,-0.0691,3.38,3,0.983105,21,41.9,1,L1_one_way
3766,CPRE,L1,MLP,none,7,4,2024Q1,0.010788,0.070042,61,1.4476,1.4476,1.2361,1.0267,0.8193,0.6139,0.2091,3.38,3,0.964646,25,49.9,1,L1_one_way
3767,CPRE,L1,MLP,none,34,4,2024Q1,0.011846,0.064519,61,0.8699,0.8699,0.6591,0.4503,0.2438,0.0393,-0.3636,3.36,3,0.972699,18,35.9,1,L1_one_way
3768,CPRE,L1,MLP,none,99,4,2024Q1,0.006205,0.053454,61,-1.7344,-1.7344,-1.9723,-2.2055,-2.4341,-2.658,-3.0929,2.96,3,0.973549,22,43.8,1,L1_one_way
3769,CPRE,L1,MLP,none,2026,4,2024Q1,0.001965,0.046915,61,1.7972,1.7972,1.5664,1.3388,1.1144,0.8933,0.4602,3.12,3,0.977451,23,46.1,1,L1_one_way
3650,CPRE,L0,LightGBM,none,86,5,2024Q2,-0.003296,0.070986,63,-3.3505,-3.3505,-3.7332,-4.1269,-4.5315,-4.9473,-5.8124,2.5,3,-0.022185,45,1.7,1,L1_one_way
3651,CPRE,L0,LightGBM,none,123,5,2024Q2,-0.013415,0.081541,63,-3.4852,-3.4852,-3.6966,-3.9106,-4.1271,-4.346,-4.791,2.4,3,-0.014487,16,1.2,1,L1_one_way
3652,CPRE,L0,LightGBM,none,456,5,2024Q2,-0.007081,0.074244,63,-3.107,-3.107,-3.349,-3.5945,-3.8433,-4.0955,-4.6096,2.5,3,-0.02272,38,1.5,1,L1_one_way
3653,CPRE,L0,LightGBM,none,789,5,2024Q2,0.006083,0.080684,63,-0.2199,-0.2199,-0.3894,-0.5596,-0.7303,-0.9013,-1.2427,1.62,3,-0.013651,1,0.9,1,L1_one_way
3654,CPRE,L0,LightGBM,none,1024,5,2024Q2,0.00613,0.080404,63,-0.2199,-0.2199,-0.3894,-0.5596,-0.7303,-0.9013,-1.2427,1.62,3,-0.013706,1,0.9,1,L1_one_way
3655,CPRE,L0,LightGBM,none,2024,5,2024Q2,-0.007069,0.073257,63,-3.0385,-3.0385,-3.2666,-3.4984,-3.7341,-3.9736,-4.4642,2.52,3,-0.021679,41,1.6,1,L1_one_way
3656,CPRE,L0,LightGBM,none,7,5,2024Q2,-0.00689,0.072382,63,-2.6658,-2.6658,-2.8746,-3.0865,-3.3013,-3.5192,-3.964,2.56,3,-0.022419,39,1.6,1,L1_one_way
3657,CPRE,L0,LightGBM,none,34,5,2024Q2,0.002107,0.076906,63,-0.5504,-0.5504,-0.7328,-0.9156,-1.0985,-1.281,-1.6437,1.58,3,-0.011706,1,0.9,1,L1_one_way
3658,CPRE,L0,LightGBM,none,99,5,2024Q2,-0.011937,0.080001,63,-3.4809,-3.4809,-3.6953,-3.9113,-4.1287,-4.3473,-4.7875,2.26,3,-0.018111,16,1.2,1,L1_one_way
3659,CPRE,L0,LightGBM,none,2026,5,2024Q2,-0.00998,0.086832,63,-3.2257,-3.2257,-3.4382,-3.6534,-3.8712,-4.0917,-4.5404,2.54,3,-0.017313,23,1.3,1,L1_one_way
3770,CPRE,L1,MLP,none,86,5,2024Q2,0.033311,0.082337,63,0.6565,0.6565,0.3492,0.0421,-0.2648,-0.5714,-1.1836,3.34,3,0.992101,18,39.8,1,L1_one_way
3771,CPRE,L1,MLP,none,123,5,2024Q2,-0.001393,0.063642,63,-0.103,-0.103,-0.4387,-0.7783,-1.1217,-1.469,-2.1749,3.14,3,0.993899,22,49.0,1,L1_one_way
3772,CPRE,L1,MLP,none,456,5,2024Q2,-0.005694,0.063426,63,-2.4678,-2.4678,-3.2768,-4.1163,-4.988,-5.8938,-7.8156,3.36,3,0.987677,20,44.2,1,L1_one_way
3773,CPRE,L1,MLP,none,789,5,2024Q2,-0.004439,0.062038,63,0.0324,0.0324,-0.2368,-0.5069,-0.7779,-1.0497,-1.5957,3.34,3,0.988336,19,42.1,1,L1_one_way
3774,CPRE,L1,MLP,none,1024,5,2024Q2,0.02694,0.104585,63,1.6792,1.6792,1.3573,1.0311,0.7006,0.3657,-0.3177,3.36,3,0.992992,16,35.4,1,L1_one_way
3775,CPRE,L1,MLP,none,2024,5,2024Q2,0.027668,0.076193,63,0.3843,0.3843,0.1528,-0.0796,-0.3127,-0.5465,-1.0164,3.32,3,0.984938,20,44.2,1,L1_one_way
3776,CPRE,L1,MLP,none,7,5,2024Q2,0.002038,0.064294,63,1.639,1.639,1.0451,0.4483,-0.1513,-0.753,-1.9619,3.36,3,0.987355,22,48.5,1,L1_one_way
3777,CPRE,L1,MLP,none,34,5,2024Q2,-0.00179,0.065586,63,-5.1839,-5.1839,-5.9818,-6.783,-7.5861,-8.3892,-9.9891,3.24,3,0.987751,18,39.7,1,L1_one_way
3778,CPRE,L1,MLP,none,99,5,2024Q2,0.024694,0.054169,63,-1.0511,-1.0511,-2.0836,-3.1582,-4.2758,-5.4374,-7.895,3.26,3,0.993264,18,39.7,1,L1_one_way
3779,CPRE,L1,MLP,none,2026,5,2024Q2,0.003697,0.057823,63,-3.844,-3.844,-4.1864,-4.5334,-4.8853,-5.2421,-5.9707,3.42,3,0.993882,19,42.1,1,L1_one_way
3660,CPRE,L0,LightGBM,none,86,6,2024Q3,0.000629,0.177027,64,1.1112,1.1112,0.943,0.7746,0.6061,0.4376,0.1006,2.3467,4,-0.033817,22,1.4,1,L1_one_way
3661,CPRE,L0,LightGBM,none,123,6,2024Q3,-0.00501,0.173578,64,1.0116,1.0116,0.8639,0.7161,0.5683,0.4204,0.125,2.1067,4,-0.018651,1,0.9,1,L1_one_way
3662,CPRE,L0,LightGBM,none,456,6,2024Q3,0.000811,0.162398,64,1.7721,1.7721,1.5829,1.3911,1.1971,1.0008,0.6023,2.1333,4,-0.024219,4,1.0,1,L1_one_way
3663,CPRE,L0,LightGBM,none,789,6,2024Q3,0.001425,0.172104,64,1.4665,1.4665,1.278,1.0893,0.9003,0.7114,0.3341,2.2133,4,-0.029176,11,1.1,1,L1_one_way
3664,CPRE,L0,LightGBM,none,1024,6,2024Q3,-0.006174,0.17034,64,1.7297,1.7297,1.5196,1.3065,1.0905,0.8717,0.4269,2.1333,4,-0.017311,1,1.0,1,L1_one_way
3665,CPRE,L0,LightGBM,none,2024,6,2024Q3,-0.00607,0.170357,64,1.4799,1.4799,1.2436,1.0054,0.7656,0.5244,0.0395,2.16,4,-0.016832,1,0.9,1,L1_one_way
3666,CPRE,L0,LightGBM,none,7,6,2024Q3,-0.001758,0.178337,64,1.272,1.272,1.091,0.91,0.7292,0.5488,0.1893,2.3333,4,-0.033534,18,1.3,1,L1_one_way
3667,CPRE,L0,LightGBM,none,34,6,2024Q3,0.002754,0.165912,64,1.658,1.658,1.4461,1.2341,1.0222,0.8107,0.3893,2.2133,4,-0.025475,5,1.0,1,L1_one_way
3668,CPRE,L0,LightGBM,none,99,6,2024Q3,0.0003,0.167615,64,1.7872,1.7872,1.5668,1.345,1.122,0.898,0.4483,2.2,4,-0.025989,4,1.0,1,L1_one_way
3669,CPRE,L0,LightGBM,none,2026,6,2024Q3,-0.003256,0.178893,64,1.1652,1.1652,0.988,0.8103,0.6325,0.4544,0.0984,2.28,4,-0.031091,17,1.2,1,L1_one_way
3780,CPRE,L1,MLP,none,86,6,2024Q3,-0.004199,0.163794,64,0.0784,0.0784,-0.108,-0.2928,-0.4762,-0.658,-1.0173,3.2533,4,0.995651,16,38.9,1,L1_one_way
3781,CPRE,L1,MLP,none,123,6,2024Q3,-0.017846,0.164712,64,0.2211,0.2211,0.0976,-0.0249,-0.1465,-0.2671,-0.5056,3.2933,4,0.993163,17,41.3,1,L1_one_way
3782,CPRE,L1,MLP,none,456,6,2024Q3,-0.005365,0.190077,64,-0.3945,-0.3945,-0.5946,-0.7937,-0.9918,-1.1888,-1.5797,3.16,4,0.996988,16,38.9,1,L1_one_way
3783,CPRE,L1,MLP,none,789,6,2024Q3,-0.020056,0.122723,64,0.0453,0.0453,-0.1158,-0.276,-0.4352,-0.5936,-0.9075,3.56,4,0.998122,17,41.3,1,L1_one_way
3784,CPRE,L1,MLP,none,1024,6,2024Q3,-0.02149,0.143506,64,0.8111,0.8111,0.6916,0.5727,0.4545,0.3368,0.1033,3.5733,4,0.995229,16,38.9,1,L1_one_way
3785,CPRE,L1,MLP,none,2024,6,2024Q3,-0.016406,0.137562,64,1.3465,1.3465,0.7618,0.1925,-0.3618,-0.9017,-1.9402,3.3867,4,0.998661,16,38.9,1,L1_one_way
3786,CPRE,L1,MLP,none,7,6,2024Q3,-0.03677,0.137456,64,1.1403,1.1403,0.9834,0.8281,0.6744,0.5223,0.2228,3.2667,4,0.992633,17,41.3,1,L1_one_way
3787,CPRE,L1,MLP,none,34,6,2024Q3,-0.033529,0.172227,64,0.3073,0.3073,0.1924,0.0786,-0.0342,-0.1461,-0.3668,3.12,4,0.995615,16,38.8,1,L1_one_way
3788,CPRE,L1,MLP,none,99,6,2024Q3,-0.01639,0.144402,64,-0.2786,-0.2786,-0.5804,-0.8788,-1.1737,-1.4653,-2.0385,3.2267,4,0.997384,17,41.2,1,L1_one_way
3789,CPRE,L1,MLP,none,2026,6,2024Q3,-0.014043,0.181691,64,-1.1069,-1.1069,-1.2951,-1.4817,-1.6667,-1.8501,-2.2122,3.1867,4,0.997105,16,38.9,1,L1_one_way
3670,CPRE,L0,LightGBM,none,86,7,2024Q4,0.063723,0.080263,64,3.4046,3.4046,3.1304,2.8595,2.5918,2.3275,1.809,2.8933,4,0.060573,2,1.0,1,L1_one_way
3671,CPRE,L0,LightGBM,none,123,7,2024Q4,0.029383,0.04665,64,2.3686,2.3686,2.1263,1.8802,1.6307,1.3782,0.8653,2.1467,4,0.08408,5,1.1,1,L1_one_way
3672,CPRE,L0,LightGBM,none,456,7,2024Q4,0.017262,0.046673,64,0.5618,0.5618,0.2612,-0.0479,-0.3652,-0.6903,-1.3625,2.1733,4,0.084041,2,1.0,1,L1_one_way
3673,CPRE,L0,LightGBM,none,789,7,2024Q4,0.034293,0.04782,64,3.7167,3.7167,3.4563,3.1955,2.9346,2.6742,2.156,2.2,4,0.086335,6,1.1,1,L1_one_way
3674,CPRE,L0,LightGBM,none,1024,7,2024Q4,0.043189,0.060849,64,2.4009,2.4009,2.2131,2.0238,1.833,1.6409,1.253,2.44,4,0.088347,5,1.1,1,L1_one_way
3675,CPRE,L0,LightGBM,none,2024,7,2024Q4,0.034135,0.046407,64,3.5018,3.5018,3.3285,3.1516,2.9711,2.7871,2.4086,2.24,4,0.084239,7,1.1,1,L1_one_way
3676,CPRE,L0,LightGBM,none,7,7,2024Q4,0.035836,0.04816,64,3.8636,3.8636,3.6717,3.4761,3.2769,3.0741,2.6585,2.2267,4,0.086198,8,1.1,1,L1_one_way
3677,CPRE,L0,LightGBM,none,34,7,2024Q4,0.049249,0.060203,64,3.1167,3.1167,2.9287,2.7403,2.5516,2.3627,1.9846,2.5067,4,0.092483,6,1.1,1,L1_one_way
3678,CPRE,L0,LightGBM,none,99,7,2024Q4,0.032091,0.048609,64,4.1298,4.1298,3.8247,3.5201,3.2166,2.9148,2.3184,2.1733,4,0.090732,5,1.1,1,L1_one_way
3679,CPRE,L0,LightGBM,none,2026,7,2024Q4,0.027562,0.049191,64,2.0182,2.0182,1.8488,1.6759,1.4997,1.32,0.9508,2.16,4,0.078584,6,1.1,1,L1_one_way
3790,CPRE,L1,MLP,none,86,7,2024Q4,0.056186,0.124311,64,2.4682,2.4682,2.3099,2.1508,1.9908,1.8301,1.5061,3.4533,4,1.004532,16,42.4,1,L1_one_way
3791,CPRE,L1,MLP,none,123,7,2024Q4,0.04641,0.107385,64,2.5029,2.5029,2.3142,2.1246,1.9342,1.7429,1.358,3.3733,4,1.005493,17,45.1,1,L1_one_way
3792,CPRE,L1,MLP,none,456,7,2024Q4,0.029618,0.094547,64,0.3109,0.3109,0.144,-0.0239,-0.1926,-0.3623,-0.7043,3.5333,4,1.002013,17,45.0,1,L1_one_way
3793,CPRE,L1,MLP,none,789,7,2024Q4,0.007499,0.080633,64,-11.1331,-11.1331,-12.8223,-14.5708,-16.3736,-18.2238,-22.0305,3.1867,4,1.004172,18,47.9,1,L1_one_way
3794,CPRE,L1,MLP,none,1024,7,2024Q4,0.078018,0.121606,64,3.8802,3.8802,3.7197,3.5587,3.3971,3.2351,2.9096,3.24,4,1.005347,16,42.4,1,L1_one_way
3795,CPRE,L1,MLP,none,2024,7,2024Q4,0.042326,0.086005,64,-0.1672,-0.1672,-0.3402,-0.5143,-0.6895,-0.8657,-1.2215,3.3867,4,1.003274,17,45.1,1,L1_one_way
3796,CPRE,L1,MLP,none,7,7,2024Q4,0.038321,0.132897,64,1.3018,1.3018,1.1488,0.9957,0.8426,0.6894,0.383,3.5467,4,1.000289,16,42.4,1,L1_one_way
3797,CPRE,L1,MLP,none,34,7,2024Q4,0.037536,0.085941,64,1.7859,1.7859,1.526,1.2641,1.0004,0.7347,0.1977,3.4533,4,1.003927,16,42.4,1,L1_one_way
3798,CPRE,L1,MLP,none,99,7,2024Q4,0.031054,0.068167,64,-0.3408,-0.3408,-0.6844,-1.0316,-1.3822,-1.7365,-2.4561,3.5467,4,1.000802,16,42.3,1,L1_one_way
3799,CPRE,L1,MLP,none,2026,7,2024Q4,0.008788,0.073677,64,-3.3699,-3.3699,-3.7796,-4.1906,-4.6026,-5.0155,-5.8436,3.28,4,1.002386,17,45.0,1,L1_one_way
3680,CPRE,L0,LightGBM,none,86,8,2025Q1,-0.099115,0.075928,60,-8.9947,-8.9947,-9.6104,-10.2549,-10.9301,-11.6379,-13.1602,2.6,3,-0.036194,14,1.3,1,L1_one_way
3681,CPRE,L0,LightGBM,none,123,8,2025Q1,-0.087766,0.076155,60,-9.5991,-9.5991,-10.2149,-10.8562,-11.5243,-12.2201,-13.699,2.52,3,-0.034307,18,1.4,1,L1_one_way
3682,CPRE,L0,LightGBM,none,456,8,2025Q1,-0.086082,0.07826,60,-2.6586,-2.6586,-2.9841,-3.3164,-3.6551,-3.9998,-4.705,2.16,3,-0.033097,1,1.0,1,L1_one_way
3683,CPRE,L0,LightGBM,none,789,8,2025Q1,-0.093106,0.078671,60,-7.8546,-7.8546,-8.4224,-8.996,-9.5742,-10.1558,-11.3237,2.72,3,-0.036731,28,1.6,1,L1_one_way
3684,CPRE,L0,LightGBM,none,1024,8,2025Q1,-0.091875,0.079145,60,-9.9846,-9.9846,-11.0326,-12.1408,-13.3132,-14.5542,-17.2596,2.9,3,-0.039869,9,1.2,1,L1_one_way
3685,CPRE,L0,LightGBM,none,2024,8,2025Q1,-0.098158,0.079063,60,-15.7167,-15.7167,-16.6271,-17.555,-18.497,-19.4494,-21.3663,2.62,3,-0.03653,24,1.5,1,L1_one_way
3686,CPRE,L0,LightGBM,none,7,8,2025Q1,-0.090568,0.079539,60,-4.1419,-4.1419,-4.5091,-4.8754,-5.24,-5.6027,-6.32,2.7,3,-0.035099,10,1.2,1,L1_one_way
3687,CPRE,L0,LightGBM,none,34,8,2025Q1,-0.09182,0.07631,60,-12.1749,-12.1749,-13.061,-13.9934,-14.9748,-16.0076,-18.2373,2.62,3,-0.0373,27,1.5,1,L1_one_way
3688,CPRE,L0,LightGBM,none,99,8,2025Q1,-0.088932,0.080346,60,-2.7855,-2.7855,-3.1986,-3.6131,-4.0283,-4.4434,-5.2703,2.64,3,-0.036762,7,1.1,1,L1_one_way
3689,CPRE,L0,LightGBM,none,2026,8,2025Q1,-0.09734,0.078814,60,-9.4692,-9.4692,-10.1263,-10.8128,-11.5298,-12.2788,-13.8777,2.54,3,-0.034376,23,1.5,1,L1_one_way
3800,CPRE,L1,MLP,none,86,8,2025Q1,-0.007243,0.116256,60,-2.1276,-2.1276,-2.3165,-2.5056,-2.6947,-2.884,-3.2627,3.54,3,0.994687,17,48.8,1,L1_one_way
3801,CPRE,L1,MLP,none,123,8,2025Q1,-0.014917,0.157348,60,-0.4069,-0.4069,-0.5378,-0.6693,-0.8014,-0.9341,-1.2014,3.58,3,0.991118,16,45.8,1,L1_one_way
3802,CPRE,L1,MLP,none,456,8,2025Q1,-0.15782,0.106484,60,-3.9396,-3.9396,-4.0677,-4.1967,-4.3268,-4.4578,-4.723,3.16,3,0.993826,16,46.0,1,L1_one_way
3803,CPRE,L1,MLP,none,789,8,2025Q1,-0.064534,0.096029,60,-4.0099,-4.0099,-4.1625,-4.316,-4.4706,-4.6262,-4.9404,3.48,3,0.993386,17,48.8,1,L1_one_way
3804,CPRE,L1,MLP,none,1024,8,2025Q1,-0.017178,0.155029,60,-0.6048,-0.6048,-0.7151,-0.8257,-0.9364,-1.0474,-1.27,3.74,3,0.991929,16,45.9,1,L1_one_way
3805,CPRE,L1,MLP,none,2024,8,2025Q1,-0.028001,0.096366,60,-3.5346,-3.5346,-3.8444,-4.1573,-4.4732,-4.7924,-5.4402,3.5,3,0.995815,18,51.6,1,L1_one_way
3806,CPRE,L1,MLP,none,7,8,2025Q1,0.013099,0.101751,60,-0.199,-0.199,-0.4496,-0.6991,-0.9473,-1.1943,-1.6848,3.54,3,0.993186,16,45.9,1,L1_one_way
3807,CPRE,L1,MLP,none,34,8,2025Q1,-0.093204,0.124605,60,-3.3956,-3.3956,-3.6282,-3.861,-4.094,-4.3271,-4.7939,3.62,3,0.994108,16,45.9,1,L1_one_way
3808,CPRE,L1,MLP,none,99,8,2025Q1,-0.081912,0.080508,60,-3.7334,-3.7334,-3.9017,-4.0713,-4.2423,-4.4145,-4.763,3.3,3,0.996248,19,54.5,1,L1_one_way
3809,CPRE,L1,MLP,none,2026,8,2025Q1,-0.112951,0.08098,60,-3.2807,-3.2807,-3.4696,-3.6605,-3.8535,-4.0486,-4.4452,3.24,3,0.995354,16,46.1,1,L1_one_way
3690,CPRE,L0,LightGBM,none,86,9,2025Q2,0.2539,0.164506,62,3.4991,3.4991,3.4077,3.3166,3.2259,3.1354,2.9554,3.18,3,0.141935,1,1.1,1,L1_one_way
3691,CPRE,L0,LightGBM,none,123,9,2025Q2,0.245644,0.164705,62,3.6932,3.6932,3.5932,3.4938,3.3948,3.2962,3.1004,3.12,3,0.137791,1,1.1,1,L1_one_way
3692,CPRE,L0,LightGBM,none,456,9,2025Q2,0.270113,0.145662,62,4.3246,4.3246,4.2155,4.1069,3.9988,3.8913,3.6779,3.04,3,0.142682,3,1.1,1,L1_one_way
3693,CPRE,L0,LightGBM,none,789,9,2025Q2,0.185918,0.164697,62,4.2193,4.2193,4.0705,3.9234,3.7783,3.6349,3.3535,2.62,3,0.097963,1,1.1,1,L1_one_way
3694,CPRE,L0,LightGBM,none,1024,9,2025Q2,0.175941,0.155481,62,4.1866,4.1866,4.0717,3.9574,3.8438,3.7309,3.5071,2.94,3,0.098413,1,1.1,1,L1_one_way
3695,CPRE,L0,LightGBM,none,2024,9,2025Q2,0.22437,0.120893,62,11.0487,11.0487,10.465,9.9076,9.3746,8.8645,7.9074,2.46,3,0.094081,1,1.0,1,L1_one_way
3696,CPRE,L0,LightGBM,none,7,9,2025Q2,0.104124,0.154149,62,2.2699,2.2699,2.024,1.7847,1.5522,1.3262,0.8937,1.88,3,-0.002859,1,1.0,1,L1_one_way
3697,CPRE,L0,LightGBM,none,34,9,2025Q2,0.251636,0.164333,62,3.6867,3.6867,3.5844,3.4826,3.3812,3.2803,3.08,3.12,3,0.13968,1,1.1,1,L1_one_way
3698,CPRE,L0,LightGBM,none,99,9,2025Q2,0.22503,0.120523,62,10.9498,10.9498,10.3764,9.828,9.3029,8.7998,7.8543,2.46,3,0.095037,1,1.0,1,L1_one_way
3699,CPRE,L0,LightGBM,none,2026,9,2025Q2,0.105425,0.153194,62,2.3463,2.3463,2.1,1.8606,1.628,1.402,0.9697,1.88,3,-0.002933,1,1.1,1,L1_one_way
3810,CPRE,L1,MLP,none,86,9,2025Q2,0.192586,0.117934,62,13.7513,13.7513,13.2914,12.8398,12.3962,11.9605,11.1122,3.14,3,1.005395,17,52.5,1,L1_one_way
3811,CPRE,L1,MLP,none,123,9,2025Q2,-0.122784,0.232122,62,-3.8216,-3.8216,-4.1102,-4.3996,-4.6897,-4.9806,-5.5646,3.5,3,1.005411,22,68.3,1,L1_one_way
3812,CPRE,L1,MLP,none,456,9,2025Q2,-0.070511,0.20134,62,-2.9956,-2.9956,-3.3431,-3.6913,-4.0401,-4.3895,-5.0898,3.36,3,1.003482,21,64.7,1,L1_one_way
3813,CPRE,L1,MLP,none,789,9,2025Q2,-0.071563,0.155323,62,-4.7054,-4.7054,-5.047,-5.3899,-5.7339,-6.0789,-6.7718,3.3,3,1.00327,22,68.0,1,L1_one_way
3814,CPRE,L1,MLP,none,1024,9,2025Q2,0.037307,0.17314,62,7.8327,7.8327,7.4591,7.0836,6.7062,6.3271,5.5636,3.46,3,1.009732,20,61.8,1,L1_one_way
3815,CPRE,L1,MLP,none,2024,9,2025Q2,-0.002337,0.239915,62,-1.332,-1.332,-1.483,-1.6343,-1.7857,-1.9373,-2.241,3.48,3,1.002908,21,63.7,1,L1_one_way
3816,CPRE,L1,MLP,none,7,9,2025Q2,0.19484,0.134539,62,8.9853,8.9853,8.7644,8.5427,8.3204,8.0974,7.6499,3.08,3,1.004975,16,49.3,1,L1_one_way
3817,CPRE,L1,MLP,none,34,9,2025Q2,0.215768,0.115074,62,11.0889,11.0889,10.8109,10.5372,10.2675,10.0019,9.4825,2.94,3,1.008944,16,49.5,1,L1_one_way
3818,CPRE,L1,MLP,none,99,9,2025Q2,0.192766,0.104965,62,8.5186,8.5186,8.2898,8.059,7.8262,7.5913,7.1156,3.46,3,1.004034,16,49.4,1,L1_one_way
3819,CPRE,L1,MLP,none,2026,9,2025Q2,0.089483,0.108013,62,6.1011,6.1011,5.8451,5.5865,5.3252,5.0611,4.5244,3.4,3,1.002581,17,52.7,1,L1_one_way
3700,CPRE,L0,LightGBM,none,86,10,2025Q3,0.019914,0.069435,64,1.6703,1.6703,1.5884,1.5065,1.4249,1.3437,1.1827,0.6,4,-0.157204,1,1.1,1,L1_one_way
3701,CPRE,L0,LightGBM,none,123,10,2025Q3,0.019801,0.068948,64,1.6703,1.6703,1.5884,1.5065,1.4249,1.3437,1.1827,0.6,4,-0.157264,1,1.1,1,L1_one_way
3702,CPRE,L0,LightGBM,none,456,10,2025Q3,0.033342,0.072934,64,4.7884,4.7884,4.6609,4.5309,4.3985,4.2638,3.988,1.8133,4,-0.16455,4,1.1,1,L1_one_way
3703,CPRE,L0,LightGBM,none,789,10,2025Q3,0.035316,0.070657,64,3.5297,3.5297,3.4205,3.3107,3.2002,3.0889,2.8646,2.32,4,-0.196373,7,1.2,1,L1_one_way
3704,CPRE,L0,LightGBM,none,1024,10,2025Q3,0.036819,0.070161,64,4.3136,4.3136,4.1534,3.9915,3.8281,3.6633,3.3294,2.4267,4,-0.17765,12,1.3,1,L1_one_way
3705,CPRE,L0,LightGBM,none,2024,10,2025Q3,0.042864,0.074856,64,5.0672,5.0672,4.9274,4.7863,4.6438,4.5,4.2095,1.7867,4,-0.227638,4,1.1,1,L1_one_way
3706,CPRE,L0,LightGBM,none,7,10,2025Q3,0.042542,0.076695,64,4.651,4.651,4.5222,4.3917,4.2597,4.1261,3.8551,1.8,4,-0.223162,4,1.1,1,L1_one_way
3707,CPRE,L0,LightGBM,none,34,10,2025Q3,0.038549,0.069657,64,3.918,3.918,3.7518,3.5837,3.4136,3.2417,2.8925,2.4,4,-0.176948,7,1.2,1,L1_one_way
3708,CPRE,L0,LightGBM,none,99,10,2025Q3,0.042386,0.071129,64,3.7821,3.7821,3.646,3.5092,3.3718,3.2338,2.9564,2.2133,4,-0.250745,5,1.2,1,L1_one_way
3709,CPRE,L0,LightGBM,none,2026,10,2025Q3,0.034403,0.073635,64,4.8073,4.8073,4.6784,4.547,4.4132,4.2772,3.999,1.8133,4,-0.162951,5,1.1,1,L1_one_way
3820,CPRE,L1,MLP,none,86,10,2025Q3,-0.001176,0.082664,64,3.3518,3.3518,3.1704,2.988,2.8047,2.6204,2.2491,3.3067,4,0.98174,17,56.1,1,L1_one_way
3821,CPRE,L1,MLP,none,123,10,2025Q3,-0.0025,0.093586,64,1.7424,1.7424,1.6175,1.4922,1.3664,1.2401,0.986,3.2133,4,0.979957,17,56.2,1,L1_one_way
3822,CPRE,L1,MLP,none,456,10,2025Q3,-0.003271,0.064263,64,0.8064,0.8064,0.4902,0.1717,-0.1489,-0.4716,-1.123,3.2133,4,0.974696,21,69.2,1,L1_one_way
3823,CPRE,L1,MLP,none,789,10,2025Q3,0.00613,0.083348,64,2.2919,2.2919,2.1246,1.9581,1.7926,1.6279,1.3015,2.9467,4,0.976127,19,62.3,1,L1_one_way
3824,CPRE,L1,MLP,none,1024,10,2025Q3,-0.021146,0.080716,64,0.2957,0.2957,0.0274,-0.2394,-0.5047,-0.7684,-1.291,3.2267,4,0.977017,20,65.9,1,L1_one_way
3825,CPRE,L1,MLP,none,2024,10,2025Q3,-0.000961,0.074688,64,1.4904,1.4904,1.3666,1.2426,1.1185,0.9941,0.7447,3.1067,4,0.963191,18,59.4,1,L1_one_way
3826,CPRE,L1,MLP,none,7,10,2025Q3,-0.020423,0.082415,64,3.1298,3.1298,2.9796,2.8289,2.6776,2.5257,2.2203,3.36,4,0.976993,18,59.7,1,L1_one_way
3827,CPRE,L1,MLP,none,34,10,2025Q3,0.005705,0.083625,64,3.9146,3.9146,3.7528,3.5903,3.4271,3.2632,2.9333,3.2667,4,0.965955,17,56.1,1,L1_one_way
3828,CPRE,L1,MLP,none,99,10,2025Q3,0.007151,0.077145,64,3.5251,3.5251,3.3276,3.1294,2.9305,2.7309,2.3297,3.0667,4,0.97277,17,56.0,1,L1_one_way
3829,CPRE,L1,MLP,none,2026,10,2025Q3,0.023634,0.087908,64,3.7407,3.7407,3.6017,3.4625,3.3232,3.1836,2.904,3.08,4,0.974357,16,52.8,1,L1_one_way
3710,CPRE,L0,LightGBM,none,86,11,2025Q4,-0.022309,0.042139,61,-6.1982,-6.1982,-6.3781,-6.4954,-6.5562,-6.5694,-6.4915,0.32,3,0.02186,1,1.1,1,L1_one_way
3711,CPRE,L0,LightGBM,none,123,11,2025Q4,-0.021345,0.042217,61,-6.1982,-6.1982,-6.3781,-6.4954,-6.5562,-6.5694,-6.4915,0.32,3,0.02186,1,1.1,1,L1_one_way
3712,CPRE,L0,LightGBM,none,456,11,2025Q4,-0.021348,0.042213,61,-6.1982,-6.1982,-6.3781,-6.4954,-6.5562,-6.5694,-6.4915,0.32,3,0.021188,1,1.1,1,L1_one_way
3713,CPRE,L0,LightGBM,none,789,11,2025Q4,-0.022309,0.042139,61,-6.1982,-6.1982,-6.3781,-6.4954,-6.5562,-6.5694,-6.4915,0.32,3,0.020992,1,1.1,1,L1_one_way
3714,CPRE,L0,LightGBM,none,1024,11,2025Q4,-0.021356,0.042221,61,-6.1982,-6.1982,-6.3781,-6.4954,-6.5562,-6.5694,-6.4915,0.32,3,0.026718,2,1.1,1,L1_one_way
3715,CPRE,L0,LightGBM,none,2024,11,2025Q4,0.005481,0.068832,61,-1.4048,-1.4048,-1.9552,-2.5412,-3.1636,-3.8228,-5.2478,2.06,3,0.020584,5,1.1,1,L1_one_way
3716,CPRE,L0,LightGBM,none,7,11,2025Q4,-0.021344,0.042218,61,-6.1982,-6.1982,-6.3781,-6.4954,-6.5562,-6.5694,-6.4915,0.32,3,0.021999,1,1.1,1,L1_one_way
3717,CPRE,L0,LightGBM,none,34,11,2025Q4,-0.021344,0.042218,61,-6.1982,-6.1982,-6.3781,-6.4954,-6.5562,-6.5694,-6.4915,0.32,3,0.026718,2,1.1,1,L1_one_way
3718,CPRE,L0,LightGBM,none,99,11,2025Q4,-0.022312,0.042135,61,-6.1982,-6.1982,-6.3781,-6.4954,-6.5562,-6.5694,-6.4915,0.32,3,0.02186,1,1.1,1,L1_one_way
3719,CPRE,L0,LightGBM,none,2026,11,2025Q4,-0.022309,0.042139,61,-6.1982,-6.1982,-6.3781,-6.4954,-6.5562,-6.5694,-6.4915,0.32,3,0.02186,1,1.1,1,L1_one_way
3830,CPRE,L1,MLP,none,86,11,2025Q4,0.053235,0.069853,61,1.5142,1.5142,1.3204,1.1246,0.9267,0.7267,0.3202,3.34,3,0.997051,16,56.0,1,L1_one_way
3831,CPRE,L1,MLP,none,123,11,2025Q4,0.079082,0.077304,61,1.4041,1.4041,1.2913,1.1772,1.0618,0.9452,0.7079,2.86,3,0.994571,16,56.1,1,L1_one_way
3832,CPRE,L1,MLP,none,456,11,2025Q4,0.075187,0.106586,61,2.1791,2.1791,1.9376,1.6915,1.4406,1.1849,0.6584,3.04,3,0.992807,16,56.3,1,L1_one_way
3833,CPRE,L1,MLP,none,789,11,2025Q4,0.074262,0.087906,61,0.6772,0.6772,0.5449,0.4113,0.2765,0.1404,-0.1355,3.04,3,0.993597,16,56.4,1,L1_one_way
3834,CPRE,L1,MLP,none,1024,11,2025Q4,0.068703,0.09084,61,1.5255,1.5255,1.3898,1.2528,1.1144,0.9748,0.6913,3.16,3,0.994546,16,56.4,1,L1_one_way
3835,CPRE,L1,MLP,none,2024,11,2025Q4,0.063179,0.089629,61,1.0422,1.0422,0.8731,0.7026,0.5308,0.3578,0.0077,3.4,3,0.996031,16,56.3,1,L1_one_way
3836,CPRE,L1,MLP,none,7,11,2025Q4,0.063316,0.088415,61,5.3928,5.3928,4.8845,4.3582,3.8129,3.2475,2.0518,3.28,3,0.998035,17,59.9,1,L1_one_way
3837,CPRE,L1,MLP,none,34,11,2025Q4,0.061694,0.080675,61,0.3949,0.3949,0.2238,0.0518,-0.1209,-0.2944,-0.6439,3.38,3,0.996565,16,56.3,1,L1_one_way
3838,CPRE,L1,MLP,none,99,11,2025Q4,0.073741,0.088046,61,1.4108,1.4108,1.1954,0.9767,0.7547,0.5294,0.0683,3.12,3,0.993737,17,59.9,1,L1_one_way
3839,CPRE,L1,MLP,none,2026,11,2025Q4,0.055879,0.095791,61,0.2614,0.2614,0.0541,-0.1562,-0.3695,-0.586,-1.0285,3.14,3,0.993943,16,56.4,1,L1_one_way
