cell_id,universe,arm,model,seed,fold,status,start_ts,end_ts,wall_time_sec,err
2400,C5,L0,LightGBM,86,0,completed,1789112293.5,1789112294.5,1.1,
2401,C5,L0,LightGBM,123,0,completed,1789112294.7,1789112295.6,0.9,
2402,C5,L0,LightGBM,456,0,completed,1789112295.8,1789112296.7,0.9,
2403,C5,L0,LightGBM,789,0,completed,1789112296.9,1789112297.8,0.9,
2404,C5,L0,LightGBM,1024,0,completed,1789112297.9,1789112299.0,1.1,
2405,C5,L0,LightGBM,2024,0,completed,1789112299.2,1789112301.3,2.1,
2406,C5,L0,LightGBM,7,0,completed,1789112301.4,1789112302.4,0.9,
2407,C5,L0,LightGBM,34,0,completed,1789112302.5,1789112303.4,1.0,
2408,C5,L0,LightGBM,99,0,completed,1789112303.6,1789112304.5,0.9,
2409,C5,L0,LightGBM,2026,0,completed,1789112304.7,1789112305.6,0.9,
2520,C5,L1,MLP,86,0,completed,1789112305.8,1789112347.2,41.5,
2521,C5,L1,MLP,123,0,completed,1789112347.5,1789112359.6,12.1,
2522,C5,L1,MLP,456,0,completed,1789112359.8,1789112383.4,23.6,
2523,C5,L1,MLP,789,0,completed,1789112383.6,1789112414.8,31.2,
2524,C5,L1,MLP,1024,0,completed,1789112415.1,1789112430.8,15.7,
2525,C5,L1,MLP,2024,0,completed,1789112431.0,1789112452.4,21.5,
2526,C5,L1,MLP,7,0,completed,1789112452.7,1789112463.8,11.1,
2527,C5,L1,MLP,34,0,completed,1789112464.0,1789112478.8,14.8,
2528,C5,L1,MLP,99,0,completed,1789112479.1,1789112507.5,28.4,
2529,C5,L1,MLP,2026,0,completed,1789112507.7,1789112524.1,16.4,
2410,C5,L0,LightGBM,86,1,completed,1789112524.9,1789112525.9,1.0,
2411,C5,L0,LightGBM,123,1,completed,1789112526.1,1789112527.2,1.0,
2412,C5,L0,LightGBM,456,1,completed,1789112527.4,1789112528.5,1.1,
2413,C5,L0,LightGBM,789,1,completed,1789112528.8,1789112529.9,1.1,
2414,C5,L0,LightGBM,1024,1,completed,1789112530.1,1789112531.1,1.0,
2415,C5,L0,LightGBM,2024,1,completed,1789112531.3,1789112532.3,1.0,
2416,C5,L0,LightGBM,7,1,completed,1789112532.5,1789112533.5,1.0,
2417,C5,L0,LightGBM,34,1,completed,1789112533.8,1789112534.8,1.0,
2418,C5,L0,LightGBM,99,1,completed,1789112535.1,1789112536.1,1.0,
2419,C5,L0,LightGBM,2026,1,completed,1789112536.4,1789112537.4,1.0,
2530,C5,L1,MLP,86,1,completed,1789112537.7,1789112550.6,12.9,
2531,C5,L1,MLP,123,1,completed,1789112550.8,1789112571.3,20.5,
2532,C5,L1,MLP,456,1,completed,1789112571.6,1789112584.0,12.4,
2533,C5,L1,MLP,789,1,completed,1789112584.2,1789112597.9,13.7,
2534,C5,L1,MLP,1024,1,completed,1789112598.1,1789112610.1,11.9,
2535,C5,L1,MLP,2024,1,completed,1789112610.3,1789112623.8,13.5,
2536,C5,L1,MLP,7,1,completed,1789112624.0,1789112636.1,12.1,
2537,C5,L1,MLP,34,1,completed,1789112636.4,1789112649.0,12.7,
2538,C5,L1,MLP,99,1,completed,1789112649.3,1789112662.1,12.9,
2539,C5,L1,MLP,2026,1,completed,1789112662.4,1789112675.2,12.8,
2420,C5,L0,LightGBM,86,2,completed,1789112676.0,1789112677.5,1.5,
2421,C5,L0,LightGBM,123,2,completed,1789112677.7,1789112679.2,1.5,
2422,C5,L0,LightGBM,456,2,completed,1789112679.4,1789112681.1,1.7,
2423,C5,L0,LightGBM,789,2,completed,1789112681.4,1789112682.7,1.3,
2424,C5,L0,LightGBM,1024,2,completed,1789112682.9,1789112684.2,1.3,
2425,C5,L0,LightGBM,2024,2,completed,1789112684.4,1789112686.1,1.7,
2426,C5,L0,LightGBM,7,2,completed,1789112686.3,1789112687.9,1.6,
2427,C5,L0,LightGBM,34,2,completed,1789112688.2,1789112689.0,0.9,
2428,C5,L0,LightGBM,99,2,completed,1789112689.3,1789112690.6,1.3,
2429,C5,L0,LightGBM,2026,2,completed,1789112690.8,1789112691.8,1.0,
2540,C5,L1,MLP,86,2,completed,1789112692.0,1789112707.0,14.9,
2541,C5,L1,MLP,123,2,completed,1789112707.2,1789112723.9,16.7,
2542,C5,L1,MLP,456,2,completed,1789112724.1,1789112738.8,14.6,
2543,C5,L1,MLP,789,2,completed,1789112739.0,1789112752.9,13.9,
2544,C5,L1,MLP,1024,2,completed,1789112753.1,1789112768.2,15.1,
2545,C5,L1,MLP,2024,2,completed,1789112768.5,1789112787.4,18.9,
2546,C5,L1,MLP,7,2,completed,1789112787.6,1789112802.7,15.0,
2547,C5,L1,MLP,34,2,completed,1789112802.9,1789112817.8,14.9,
2548,C5,L1,MLP,99,2,completed,1789112818.1,1789112834.6,16.5,
2549,C5,L1,MLP,2026,2,completed,1789112834.8,1789112851.1,16.2,
2430,C5,L0,LightGBM,86,3,completed,1789112852.0,1789112853.1,1.2,
2431,C5,L0,LightGBM,123,3,completed,1789112853.4,1789112854.5,1.1,
2432,C5,L0,LightGBM,456,3,completed,1789112854.7,1789112855.8,1.1,
2433,C5,L0,LightGBM,789,3,completed,1789112856.1,1789112857.4,1.3,
2434,C5,L0,LightGBM,1024,3,completed,1789112857.7,1789112858.9,1.3,
2435,C5,L0,LightGBM,2024,3,completed,1789112859.2,1789112860.3,1.1,
2436,C5,L0,LightGBM,7,3,completed,1789112860.5,1789112861.6,1.1,
2437,C5,L0,LightGBM,34,3,completed,1789112861.8,1789112863.0,1.2,
2438,C5,L0,LightGBM,99,3,completed,1789112863.2,1789112864.4,1.2,
2439,C5,L0,LightGBM,2026,3,completed,1789112864.6,1789112865.6,0.9,
2550,C5,L1,MLP,86,3,completed,1789112865.8,1789112884.2,18.4,
2551,C5,L1,MLP,123,3,completed,1789112884.5,1789112901.6,17.1,
2552,C5,L1,MLP,456,3,completed,1789112901.8,1789112919.0,17.2,
2553,C5,L1,MLP,789,3,completed,1789112919.3,1789112936.6,17.3,
2554,C5,L1,MLP,1024,3,completed,1789112936.8,1789112955.9,19.0,
2555,C5,L1,MLP,2024,3,completed,1789112956.1,1789112975.2,19.1,
2556,C5,L1,MLP,7,3,completed,1789112975.4,1789112991.5,16.1,
2557,C5,L1,MLP,34,3,completed,1789112991.8,1789113011.8,20.1,
2558,C5,L1,MLP,99,3,completed,1789113012.1,1789113029.6,17.5,
2559,C5,L1,MLP,2026,3,completed,1789113029.8,1789113046.3,16.4,
2440,C5,L0,LightGBM,86,4,completed,1789113047.2,1789113048.2,1.1,
2441,C5,L0,LightGBM,123,4,completed,1789113048.5,1789113050.1,1.6,
2442,C5,L0,LightGBM,456,4,completed,1789113050.4,1789113051.7,1.3,
2443,C5,L0,LightGBM,789,4,completed,1789113052.0,1789113053.2,1.2,
2444,C5,L0,LightGBM,1024,4,completed,1789113053.5,1789113054.8,1.4,
2445,C5,L0,LightGBM,2024,4,completed,1789113055.1,1789113056.4,1.3,
2446,C5,L0,LightGBM,7,4,completed,1789113056.6,1789113057.7,1.1,
2447,C5,L0,LightGBM,34,4,completed,1789113058.0,1789113059.6,1.6,
2448,C5,L0,LightGBM,99,4,completed,1789113059.8,1789113061.2,1.4,
2449,C5,L0,LightGBM,2026,4,completed,1789113061.5,1789113062.8,1.3,
2560,C5,L1,MLP,86,4,completed,1789113063.0,1789113096.2,33.2,
2561,C5,L1,MLP,123,4,completed,1789113096.5,1789113134.7,38.2,
2562,C5,L1,MLP,456,4,completed,1789113134.9,1789113152.8,17.9,
2563,C5,L1,MLP,789,4,completed,1789113153.0,1789113180.8,27.8,
2564,C5,L1,MLP,1024,4,completed,1789113181.0,1789113226.7,45.7,
2565,C5,L1,MLP,2024,4,completed,1789113227.0,1789113245.4,18.5,
2566,C5,L1,MLP,7,4,completed,1789113245.7,1789113267.0,21.4,
2567,C5,L1,MLP,34,4,completed,1789113267.3,1789113297.4,30.1,
2568,C5,L1,MLP,99,4,completed,1789113297.6,1789113330.5,32.9,
2569,C5,L1,MLP,2026,4,completed,1789113330.7,1789113352.4,21.7,
2450,C5,L0,LightGBM,86,5,completed,1789113353.4,1789113354.6,1.2,
2451,C5,L0,LightGBM,123,5,completed,1789113354.9,1789113355.8,1.0,
2452,C5,L0,LightGBM,456,5,completed,1789113356.1,1789113357.1,1.0,
2453,C5,L0,LightGBM,789,5,completed,1789113357.3,1789113358.3,1.0,
2454,C5,L0,LightGBM,1024,5,completed,1789113358.6,1789113359.5,0.9,
2455,C5,L0,LightGBM,2024,5,completed,1789113359.8,1789113360.8,1.0,
2456,C5,L0,LightGBM,7,5,completed,1789113361.0,1789113362.0,1.0,
2457,C5,L0,LightGBM,34,5,completed,1789113362.2,1789113363.1,1.0,
2458,C5,L0,LightGBM,99,5,completed,1789113363.4,1789113364.4,1.0,
2459,C5,L0,LightGBM,2026,5,completed,1789113364.7,1789113365.8,1.1,
2570,C5,L1,MLP,86,5,completed,1789113366.1,1789113386.0,19.9,
2571,C5,L1,MLP,123,5,completed,1789113386.2,1789113429.1,42.8,
2572,C5,L1,MLP,456,5,completed,1789113429.3,1789113454.3,25.0,
2573,C5,L1,MLP,789,5,completed,1789113454.5,1789113501.6,47.1,
2574,C5,L1,MLP,1024,5,completed,1789113501.9,1789113531.7,29.8,
2575,C5,L1,MLP,2024,5,completed,1789113531.9,1789113551.7,19.8,
2576,C5,L1,MLP,7,5,completed,1789113551.9,1789113576.6,24.7,
2577,C5,L1,MLP,34,5,completed,1789113576.9,1789113607.9,31.0,
2578,C5,L1,MLP,99,5,completed,1789113608.1,1789113650.3,42.1,
2579,C5,L1,MLP,2026,5,completed,1789113650.5,1789113684.1,33.6,
2460,C5,L0,LightGBM,86,6,completed,1789113685.0,1789113686.4,1.4,
2461,C5,L0,LightGBM,123,6,completed,1789113686.7,1789113687.6,0.9,
2462,C5,L0,LightGBM,456,6,completed,1789113687.8,1789113688.8,0.9,
2463,C5,L0,LightGBM,789,6,completed,1789113689.0,1789113689.9,0.9,
2464,C5,L0,LightGBM,1024,6,completed,1789113690.2,1789113691.2,1.0,
2465,C5,L0,LightGBM,2024,6,completed,1789113691.4,1789113692.5,1.0,
2466,C5,L0,LightGBM,7,6,completed,1789113692.7,1789113693.7,1.0,
2467,C5,L0,LightGBM,34,6,completed,1789113694.0,1789113695.7,1.7,
2468,C5,L0,LightGBM,99,6,completed,1789113695.9,1789113698.2,2.3,
2469,C5,L0,LightGBM,2026,6,completed,1789113698.4,1789113699.7,1.3,
2580,C5,L1,MLP,86,6,completed,1789113699.9,1789113726.9,27.0,
2581,C5,L1,MLP,123,6,completed,1789113727.2,1789113757.4,30.2,
2582,C5,L1,MLP,456,6,completed,1789113757.6,1789113788.0,30.4,
2583,C5,L1,MLP,789,6,completed,1789113788.2,1789113810.6,22.4,
2584,C5,L1,MLP,1024,6,completed,1789113810.9,1789113838.6,27.7,
2585,C5,L1,MLP,2024,6,completed,1789113838.8,1789113871.5,32.7,
2586,C5,L1,MLP,7,6,completed,1789113871.8,1789113904.8,33.0,
2587,C5,L1,MLP,34,6,completed,1789113905.0,1789113939.4,34.4,
2588,C5,L1,MLP,99,6,completed,1789113939.7,1789113963.0,23.3,
2589,C5,L1,MLP,2026,6,completed,1789113963.3,1789113993.2,30.0,
2470,C5,L0,LightGBM,86,7,completed,1789113994.2,1789113995.3,1.0,
2471,C5,L0,LightGBM,123,7,completed,1789113995.5,1789113996.6,1.0,
2472,C5,L0,LightGBM,456,7,completed,1789113996.8,1789113997.9,1.1,
2473,C5,L0,LightGBM,789,7,completed,1789113998.2,1789113999.6,1.4,
2474,C5,L0,LightGBM,1024,7,completed,1789113999.9,1789114001.1,1.2,
2475,C5,L0,LightGBM,2024,7,completed,1789114001.4,1789114002.4,1.1,
2476,C5,L0,LightGBM,7,7,completed,1789114002.7,1789114003.8,1.1,
2477,C5,L0,LightGBM,34,7,completed,1789114004.1,1789114005.2,1.1,
2478,C5,L0,LightGBM,99,7,completed,1789114005.5,1789114006.5,1.0,
2479,C5,L0,LightGBM,2026,7,completed,1789114006.8,1789114007.9,1.1,
2590,C5,L1,MLP,86,7,completed,1789114008.1,1789114034.8,26.7,
2591,C5,L1,MLP,123,7,completed,1789114035.0,1789114066.1,31.1,
2592,C5,L1,MLP,456,7,completed,1789114066.4,1789114092.2,25.9,
2593,C5,L1,MLP,789,7,completed,1789114092.5,1789114138.9,46.4,
2594,C5,L1,MLP,1024,7,completed,1789114139.2,1789114166.6,27.5,
2595,C5,L1,MLP,2024,7,completed,1789114166.9,1789114192.4,25.6,
2596,C5,L1,MLP,7,7,completed,1789114192.7,1789114216.9,24.3,
2597,C5,L1,MLP,34,7,completed,1789114217.2,1789114241.0,23.9,
2598,C5,L1,MLP,99,7,completed,1789114241.3,1789114265.5,24.3,
2599,C5,L1,MLP,2026,7,completed,1789114265.8,1789114290.3,24.5,
2480,C5,L0,LightGBM,86,8,completed,1789114291.3,1789114292.6,1.3,
2481,C5,L0,LightGBM,123,8,completed,1789114292.8,1789114293.9,1.1,
2482,C5,L0,LightGBM,456,8,completed,1789114294.1,1789114295.9,1.7,
2483,C5,L0,LightGBM,789,8,completed,1789114296.1,1789114297.3,1.2,
2484,C5,L0,LightGBM,1024,8,completed,1789114297.6,1789114298.8,1.2,
2485,C5,L0,LightGBM,2024,8,completed,1789114299.1,1789114300.3,1.2,
2486,C5,L0,LightGBM,7,8,completed,1789114300.5,1789114301.7,1.2,
2487,C5,L0,LightGBM,34,8,completed,1789114301.9,1789114303.2,1.3,
2488,C5,L0,LightGBM,99,8,completed,1789114303.5,1789114304.9,1.4,
2489,C5,L0,LightGBM,2026,8,completed,1789114305.1,1789114306.3,1.2,
2600,C5,L1,MLP,86,8,completed,1789114306.5,1789114345.4,38.9,
2601,C5,L1,MLP,123,8,completed,1789114345.7,1789114386.0,40.4,
2602,C5,L1,MLP,456,8,completed,1789114386.3,1789114421.4,35.2,
2603,C5,L1,MLP,789,8,completed,1789114421.6,1789114475.8,54.2,
2604,C5,L1,MLP,1024,8,completed,1789114476.1,1789114511.7,35.6,
2605,C5,L1,MLP,2024,8,completed,1789114511.9,1789114558.1,46.1,
2606,C5,L1,MLP,7,8,completed,1789114558.3,1789114594.0,35.8,
2607,C5,L1,MLP,34,8,completed,1789114594.3,1789114641.7,47.5,
2608,C5,L1,MLP,99,8,completed,1789114641.9,1789114672.3,30.4,
2609,C5,L1,MLP,2026,8,completed,1789114672.5,1789114702.9,30.4,
2490,C5,L0,LightGBM,86,9,completed,1789114703.9,1789114704.8,1.0,
2491,C5,L0,LightGBM,123,9,completed,1789114705.1,1789114706.3,1.2,
2492,C5,L0,LightGBM,456,9,completed,1789114706.5,1789114708.1,1.6,
2493,C5,L0,LightGBM,789,9,completed,1789114708.4,1789114709.5,1.1,
2494,C5,L0,LightGBM,1024,9,completed,1789114709.8,1789114710.8,1.0,
2495,C5,L0,LightGBM,2024,9,completed,1789114711.1,1789114712.1,1.0,
2496,C5,L0,LightGBM,7,9,completed,1789114712.4,1789114713.5,1.2,
2497,C5,L0,LightGBM,34,9,completed,1789114713.8,1789114714.8,1.0,
2498,C5,L0,LightGBM,99,9,completed,1789114715.1,1789114716.2,1.1,
2499,C5,L0,LightGBM,2026,9,completed,1789114716.5,1789114717.7,1.2,
2610,C5,L1,MLP,86,9,completed,1789114717.9,1789114757.3,39.4,
2611,C5,L1,MLP,123,9,completed,1789114757.6,1789114797.9,40.4,
2612,C5,L1,MLP,456,9,completed,1789114798.2,1789114832.8,34.6,
2613,C5,L1,MLP,789,9,completed,1789114833.1,1789114873.4,40.3,
2614,C5,L1,MLP,1024,9,completed,1789114873.6,1789114902.8,29.2,
2615,C5,L1,MLP,2024,9,completed,1789114903.1,1789114954.7,51.7,
2616,C5,L1,MLP,7,9,completed,1789114954.9,1789114983.5,28.5,
2617,C5,L1,MLP,34,9,completed,1789114983.7,1789115012.6,28.9,
2618,C5,L1,MLP,99,9,completed,1789115012.9,1789115061.4,48.5,
2619,C5,L1,MLP,2026,9,completed,1789115061.6,1789115098.5,36.9,
2500,C5,L0,LightGBM,86,10,completed,1789115099.7,1789115103.4,3.7,
2501,C5,L0,LightGBM,123,10,completed,1789115103.6,1789115106.3,2.7,
2502,C5,L0,LightGBM,456,10,completed,1789115106.6,1789115108.3,1.7,
2503,C5,L0,LightGBM,789,10,completed,1789115108.6,1789115111.3,2.7,
2504,C5,L0,LightGBM,1024,10,completed,1789115111.6,1789115112.9,1.4,
2505,C5,L0,LightGBM,2024,10,completed,1789115113.2,1789115115.2,2.0,
2506,C5,L0,LightGBM,7,10,completed,1789115115.5,1789115118.1,2.6,
2507,C5,L0,LightGBM,34,10,completed,1789115118.4,1789115120.0,1.7,
2508,C5,L0,LightGBM,99,10,completed,1789115120.3,1789115122.2,1.9,
2509,C5,L0,LightGBM,2026,10,completed,1789115122.5,1789115124.2,1.7,
2620,C5,L1,MLP,86,10,completed,1789115124.5,1789115171.2,46.7,
2621,C5,L1,MLP,123,10,completed,1789115171.4,1789115210.3,38.8,
2622,C5,L1,MLP,456,10,completed,1789115210.5,1789115268.6,58.1,
2623,C5,L1,MLP,789,10,completed,1789115268.8,1789115333.0,64.2,
2624,C5,L1,MLP,1024,10,completed,1789115333.3,1789115374.0,40.7,
2625,C5,L1,MLP,2024,10,completed,1789115374.3,1789115437.9,63.6,
2626,C5,L1,MLP,7,10,completed,1789115438.2,1789115499.4,61.2,
2627,C5,L1,MLP,34,10,completed,1789115499.6,1789115570.2,70.5,
2628,C5,L1,MLP,99,10,completed,1789115570.4,1789115624.2,53.8,
2629,C5,L1,MLP,2026,10,completed,1789115624.5,1789115677.5,53.0,
2510,C5,L0,LightGBM,86,11,completed,1789115678.6,1789115680.9,2.2,
2511,C5,L0,LightGBM,123,11,completed,1789115681.1,1789115682.4,1.3,
2512,C5,L0,LightGBM,456,11,completed,1789115682.7,1789115683.9,1.2,
2513,C5,L0,LightGBM,789,11,completed,1789115684.2,1789115685.5,1.4,
2514,C5,L0,LightGBM,1024,11,completed,1789115685.8,1789115688.2,2.4,
2515,C5,L0,LightGBM,2024,11,completed,1789115688.4,1789115690.9,2.5,
2516,C5,L0,LightGBM,7,11,completed,1789115691.2,1789115693.1,1.9,
2517,C5,L0,LightGBM,34,11,completed,1789115693.3,1789115694.6,1.2,
2518,C5,L0,LightGBM,99,11,completed,1789115694.8,1789115696.0,1.2,
2519,C5,L0,LightGBM,2026,11,completed,1789115696.3,1789115697.4,1.2,
2630,C5,L1,MLP,86,11,completed,1789115697.7,1789115730.3,32.6,
2631,C5,L1,MLP,123,11,completed,1789115730.5,1789115762.8,32.3,
2632,C5,L1,MLP,456,11,completed,1789115763.1,1789115802.3,39.2,
2633,C5,L1,MLP,789,11,completed,1789115802.5,1789115837.9,35.4,
2634,C5,L1,MLP,1024,11,completed,1789115838.1,1789115872.0,33.8,
2635,C5,L1,MLP,2024,11,completed,1789115872.2,1789115907.9,35.7,
2636,C5,L1,MLP,7,11,completed,1789115908.2,1789115940.4,32.2,
2637,C5,L1,MLP,34,11,completed,1789115940.6,1789115973.8,33.2,
2638,C5,L1,MLP,99,11,completed,1789115974.1,1789116009.2,35.2,
2639,C5,L1,MLP,2026,11,completed,1789116009.4,1789116045.2,35.8,
