rank,group_id,group_label,group_size,group_members,n_dates,mean_delta_IC,nw_lag,nw_se,nw_t,nw_p_two_sided,bootstrap_ci_lo,bootstrap_ci_hi,bh_fdr_rejected,bh_fdr_p_adj
1,4,hc_mom12m,1,hc_mom12m,313,0.007899210240337842,5,0.007789941959076974,1.0140268415136966,0.3105699445910144,-0.014381764362100351,0.030077917983089834,False,0.6466064031190184
2,47,ROC30+5,6,"ROC30,MA60,MAX60,MIN60,QTLU60,QTLD60",313,0.004323013432987086,5,0.0015168267586926397,2.8500376909971656,0.004371404854792038,9.833018850625054e-05,0.008668706674918522,False,0.13332784807115716
3,57,CNTP60+1,2,"CNTP60,CNTD60",313,0.0033809112326066526,5,0.0019351396092210456,1.7471148936730077,0.08061741040632842,-0.0018334398403267646,0.008373548104045375,False,0.5038738215263513
4,7,KMID+6,7,"KMID,KMID2,KSFT,KSFT2,OPEN0,HIGH0,VWAP0",313,0.003372246954024442,5,0.0021148657859591754,1.5945441911317293,0.11081420115195173,-0.0024161479023575147,0.009825893205745442,False,0.519974328482235
5,53,RESI60,1,RESI60,313,0.003350047992967908,5,0.0016880949917468416,1.9845139102635905,0.04719857894592705,-0.0012302930291911895,0.008124823960118113,False,0.5038738215263513
6,35,BETA20+8,9,"BETA20,RANK20,RSV20,IMAX20,IMXD20,SUMP20,SUMD20,RANK30,RSV30",313,0.0026512028981200073,5,0.002149734284125366,1.2332700453715224,0.21747502974218835,-0.002592405477433904,0.009839477553535009,False,0.6194943427833727
7,21,CNTP5+5,6,"CNTP5,CNTN5,CNTD5,CNTP10,CNTN10,CNTD10",313,0.0024592011591297613,5,0.0021977826279477846,1.1189464908211058,0.2631629675695861,-0.003091794910574209,0.008370107203678291,False,0.6421176408697902
8,50,ROC60+3,4,"ROC60,IMIN60,CNTN60,SUMN60",313,0.00244480335311434,5,0.0019850706232829437,1.2315951505398244,0.21810035336298172,-0.002423420366862224,0.009613949741434053,False,0.6194943427833727
9,45,WVMA20+1,2,"WVMA20,WVMA30",313,0.002425586757394966,5,0.0010011367265454635,2.4228326591960423,0.015400018765613366,-0.0008652976695635618,0.0051887461667665,False,0.3131337149008051
10,9,KUP+1,2,"KUP,KUP2",313,0.002306918099719302,5,0.0016248626085783413,1.4197619463578641,0.1556769969100511,-0.0030082607031375924,0.006912626042301726,False,0.6194943427833727
11,54,RANK60+2,3,"RANK60,RSV60,IMAX60",313,0.0020564525042756922,5,0.002555755163431561,0.8046359579743683,0.42102978574647,-0.004172402899855993,0.009753271457097545,False,0.7553769685451374
12,41,CNTP20+3,4,"CNTP20,CNTD20,CNTP30,CNTD30",313,0.001723234607525657,5,0.0022537743314076757,0.7645994470304173,0.44451009854178314,-0.004030079957362959,0.008269159392085815,False,0.7747176003156793
13,2,hc_ret_std_5d+1,2,"hc_ret_std_5d,hc_ret_std_10d",313,0.0015042895011512342,5,0.0011020051023956868,1.3650476734463457,0.17223806669048392,-0.0013878693972512967,0.005562155869925534,False,0.6194943427833727
14,36,RSQR20,1,RSQR20,313,0.001273265863009336,5,0.0009042788736252342,1.408045571058009,0.15911757636745172,-0.0007330423746636653,0.002951632844393792,False,0.6194943427833727
15,55,CORR60,1,CORR60,313,0.001068129139378729,5,0.0008372034633642884,1.2758298145190055,0.2020156857400357,-0.001368104752152426,0.003661754218832618,False,0.6194943427833727
16,18,MIN5+3,4,"MIN5,MA10,MIN10,QTLD10",313,0.0008336234487146273,5,0.0006847160006829752,1.2174732997083801,0.22342418920056062,-0.0013402708228291386,0.002697399994228206,False,0.6194943427833727
17,42,CNTN20+1,2,"CNTN20,CNTN30",313,0.0007779143857391105,5,0.00043804848994988846,1.77586363972651,0.07575539526124553,-0.0002528077905498635,0.002006435453583606,False,0.5038738215263513
18,25,RSQR10,1,RSQR10,313,0.0007762503628478552,5,0.0003555183738084601,2.1834324750429626,0.029003976592606673,4.289236857919526e-05,0.0015321110953106084,False,0.44231064303725176
19,17,MAX5+5,6,"MAX5,RSV5,MAX10,QTLU10,RANK10,RSV10",313,0.0006906936896468727,5,0.003127914474514285,0.22081604061572893,0.8252356732532133,-0.008338525104863062,0.008953848893396437,False,0.9799919461511883
20,29,VSTD10,1,VSTD10,313,0.0006733993772499006,5,0.00039485146938870324,1.705449844956729,0.08811055881257546,-0.00011430881267869354,0.0016451982323309443,False,0.5038738215263513
21,43,VMA20+3,4,"VMA20,VMA30,VMA60,VSTD60",313,0.0005799751025892293,5,0.0005646293680522252,1.0271784207575698,0.3043364573372571,-0.0008488848349700122,0.002181233611320038,False,0.6466064031190184
22,51,STD60+1,2,"STD60,RSQR60",313,0.0005538751617001101,5,0.0013451826999157667,0.41174716396129163,0.6805247517309538,-0.003328763335129759,0.003651628710909338,False,0.9167641096339149
23,58,WVMA60,1,WVMA60,313,0.000536805631271435,5,0.0013494556097675497,0.39779421226304906,0.6907818839178752,-0.003284998181928576,0.004077967815631364,False,0.9167641096339149
24,5,hc_dolvol,1,hc_dolvol,313,0.0004887886438294776,5,0.0027184146250983383,0.17980650902795806,0.8573044734389939,-0.007922654978515936,0.009900325978914486,False,0.9799919461511883
25,11,LOW0,1,LOW0,313,0.00042041846231441,5,0.00022746535799804103,1.8482746824157317,0.06456261633639815,-0.00022667052954795634,0.0010288025872289277,False,0.5038738215263513
26,26,IMAX10+1,2,"IMAX10,IMXD10",313,0.00036506122300806554,5,0.00043004894980239395,0.8488829543144099,0.39594642468189645,-0.0003951092210360989,0.0013875247723693538,False,0.7319009668362328
27,39,CORR20+1,2,"CORR20,CORR30",313,0.0002765408391953999,5,0.002418214153390932,0.11435746449817999,0.908954431141408,-0.005964405230287149,0.007236215525180835,False,0.9869114610722162
28,8,KLEN,1,KLEN,313,0.00026162568269589166,5,0.0002678036121415182,0.9769311197999754,0.3286032540440913,-0.0005018000062005739,0.0009641628234858523,False,0.6466064031190184
29,59,VSUMP60,1,VSUMP60,313,0.0002172355032271871,5,0.0003254607093584953,0.6674707483289541,0.5044714882501595,-0.0005170579209954252,0.0010217079642117384,False,0.8316962373853981
30,15,RSQR5,1,RSQR5,313,0.0001809462770403944,5,0.00019411721574825644,0.932149558929678,0.35125923907498,-0.00018797912088994802,0.0006480161188275224,False,0.6695879244866807
31,23,VSTD5,1,VSTD5,313,0.0001127901184308977,5,0.00020774143220291062,0.5429351152288697,0.5871744774621561,-0.0003325219759542042,0.0004448506780659177,False,0.8954410781297881
32,52,BETA60+3,4,"BETA60,IMXD60,SUMP60,SUMD60",313,6.747361451993317e-05,5,0.001839044507004549,0.03668949514975837,0.9707325846611963,-0.003976704350805391,0.006663425845745233,False,0.9869114610722162
33,0,hc_ret_mean_5d+6,7,"hc_ret_mean_5d,hc_ret_mean_10d,ROC10,BETA10,SUMP10,SUMN10,SUMD10",313,3.2181464915241866e-05,5,0.0006574748420485372,0.04894706665120749,0.9609614800252559,-0.0018325046310832692,0.0016228530592202642,False,0.9869114610722162
34,19,IMAX5+1,2,"IMAX5,IMXD5",313,2.5167979473759205e-05,5,0.00040627581395502284,0.061948013170543915,0.9506042319112544,-0.000605605722994337,0.0008776925748845615,False,0.9869114610722162
35,24,WVMA5,1,WVMA5,313,4.879138297289033e-06,5,0.0007090343276462004,0.006881385155901315,0.9945094923596263,-0.0013206235900329907,0.0015141934985813716,False,0.9945094923596263
36,49,VSUMP30+2,3,"VSUMP30,VSUMN30,VSUMD30",313,-3.129186056362186e-05,5,0.0003000184206292944,-0.1042997976523794,0.9169314384887188,-0.0006425079932117634,0.00081184701239206,False,0.9869114610722162
37,56,CORD60,1,CORD60,313,-3.300814305468646e-05,5,0.0004761960188133895,-0.06931629360727941,0.9447378565087148,-0.0013714437655790999,0.001393798092839167,False,0.9869114610722162
38,46,VSUMP20+2,3,"VSUMP20,VSUMN20,VSUMD20",313,-6.410965458277694e-05,5,0.0003107079941727254,-0.20633410077996836,0.836529943016578,-0.0007567131880277833,0.0007182613077490672,False,0.9799919461511883
39,12,ROC5+5,6,"ROC5,BETA5,IMIN5,SUMP5,SUMN5,SUMD5",313,-0.00010773496309986449,5,0.0006459247346321231,-0.16679182159082875,0.8675338539699045,-0.0015193788058719792,0.0011381053325466841,False,0.9799919461511883
40,60,VSUMN60+1,2,"VSUMN60,VSUMD60",313,-0.00012187883306292921,5,0.00026970938405314424,-0.4518894790806162,0.6513486041225764,-0.0009398917284227058,0.00041034320909827545,False,0.9167641096339149
41,6,hc_CORR5+1,2,"hc_CORR5,CORR5",313,-0.00014716205303693576,5,0.0003414125178945141,-0.4310388322738778,0.6664401352278024,-0.0008299902825701317,0.0006285083520989835,False,0.9167641096339149
42,28,CORR10,1,CORR10,313,-0.00019854279851387076,5,0.0005325096371565214,-0.3728435781445074,0.7092648669326329,-0.001116298693992823,0.0009360032291381136,False,0.9205352528274597
43,37,RESI20+1,2,"RESI20,RESI30",313,-0.0002196045780988069,5,0.0011638796433665966,-0.18868323657898728,0.8503410908593287,-0.0029254467289867732,0.00204145233340356,False,0.9799919461511883
44,13,MA5+4,5,"MA5,QTLU5,QTLD5,RANK5,RESI10",313,-0.00022213568937630196,5,0.0009346128424755323,-0.23767669272329453,0.8121318622241818,-0.0018734598738380287,0.0013577496095543483,False,0.9799919461511883
45,10,KLOW+1,2,"KLOW,KLOW2",313,-0.00027343321312625586,5,0.0004039222753811059,-0.6769451198705694,0.49844077513713314,-0.0013326624066579747,0.0007143633587465911,False,0.8316962373853981
46,32,ROC20+4,5,"ROC20,IMIN20,SUMN20,IMIN30,SUMN30",313,-0.0002863318658966794,5,0.0008746219104140296,-0.32737787892957687,0.7433820955228168,-0.002106395787766869,0.0016996435864450594,False,0.9447147463935797
47,31,VSUMP10+2,3,"VSUMP10,VSUMN10,VSUMD10",313,-0.0003465661532026599,5,0.00033399287988185165,-1.0376453334132631,0.2994352042124384,-0.000994437706258784,0.0006126877587734106,False,0.6466064031190184
48,16,RESI5,1,RESI5,313,-0.0003679416616261221,5,0.0002067419232146826,-1.779714805323003,0.07512264623756137,-0.0007174579938726107,-6.933677116095136e-06,False,0.5038738215263513
49,33,MA20+5,6,"MA20,MIN20,QTLD20,MA30,MIN30,QTLD30",313,-0.0004487611365649495,5,0.0011302372771541968,-0.3970503766208072,0.6913303121829522,-0.0033717826965265563,0.002576307392873156,False,0.9167641096339149
50,20,CORD5+1,2,"CORD5,CORD10",313,-0.00046527769018447684,5,0.00047252089205282715,-0.9846711500164939,0.3247856282449628,-0.0016289134866359445,0.0006203380248774042,False,0.6466064031190184
51,27,IMIN10,1,IMIN10,313,-0.00046971422923816316,5,0.00037439524977511625,-1.2545945214857857,0.20962599327338527,-0.0012623378615749107,0.00047661975691114055,False,0.6194943427833727
52,44,VSTD20+1,2,"VSTD20,VSTD30",313,-0.0005100329076588966,5,0.0005215020187622223,-0.9780075422707902,0.328070593793079,-0.0022533290630225022,0.0008311903409115841,False,0.6466064031190184
53,22,VMA5+4,5,"VMA5,VSUMP5,VSUMN5,VSUMD5,VMA10",313,-0.0005563579784599292,5,0.00041062025922376094,-1.3549209177152433,0.1754427543735393,-0.0012792419144624766,0.00028233471087448354,False,0.6194943427833727
54,3,hc_ret_std_21d+1,2,"hc_ret_std_21d,hc_maxret",313,-0.0005641060681231964,5,0.0009668717939539886,-0.5834341963956816,0.5596010429447831,-0.0031811552486638237,0.0015844241561671427,False,0.8752734261444044
55,14,STD5+1,2,"STD5,STD10",313,-0.0005907184155547493,5,0.0009213212957613757,-0.6411643997293933,0.5214158767279522,-0.0034420001250388965,0.002090897816054042,False,0.8370096968527654
56,38,MAX20+3,4,"MAX20,QTLU20,MAX30,QTLU30",313,-0.0005939680603953666,5,0.0011770386257904,-0.5046292002494885,0.6138192966588583,-0.003274901787238304,0.0023794043735927434,False,0.9132433438095209
57,48,RSQR30,1,RSQR30,313,-0.0007873124164020004,5,0.0004923942922345713,-1.5989470812690356,0.10983236146907105,-0.001976129355426777,0.00019729525347843228,False,0.519974328482235
58,34,STD20+1,2,"STD20,STD30",313,-0.0008996171594434668,5,0.0007786143637147205,-1.1554078647502077,0.24792344276540068,-0.0030533467489482586,0.0011882021885754378,False,0.6362069534038429
59,30,WVMA10,1,WVMA10,313,-0.0009564769930791639,5,0.0008320125132318515,-1.1495944806933796,0.25031093248675784,-0.002931526559464378,0.0009008072697913906,False,0.6362069534038429
60,1,hc_ret_mean_21d+5,6,"hc_ret_mean_21d,BETA30,IMAX30,IMXD30,SUMP30,SUMD30",313,-0.001805457557395691,5,0.0010677712388540389,-1.690865507234824,0.09086249240639122,-0.003971275186743089,0.00016342575222859823,False,0.5038738215263513
61,40,CORD20+1,2,"CORD20,CORD30",313,-0.004019692481173205,5,0.0011230100668608303,-3.579391316063196,0.00034439544126207977,-0.006190861965280508,-0.0008783404146533995,True,0.021008121916986866
